caso,componente,material,norma,classe,estatuto,propriedade,unidade,min,max,referencia,doi_url,notas,tipico,estado,valor_texto
Prótese da anca,Haste femoral,Aço inox 316L,ASTM F138,Metal,Clínico,Módulo de Young,GPa,205.0,210.0,"Navarro M, Michiardi A, Castaño O, Planell JA. Biomaterials in orthopaedics. J R Soc Interface 2008;5(27):1137-1158",https://doi.org/10.1098/rsif.2008.0151,"Navarro et al. 2008, Tabela 1: 205-210 GPa; típico = ponto médio",207.5,Verificado,
Prótese da anca,Haste femoral,Aço inox 316L,ASTM F138,Metal,Clínico,Tensão de cedência,MPa,755.0,765.0,Okazaki Y. Comparison of Fatigue Properties and Fatigue Crack Growth Rates of Various Implantable Metals. Materials 2012;5:2981,https://doi.org/10.3390/ma5122981,"hastes em 316L usam aço encruado; o recozido fica fora por fadiga insuficiente [fonte a indicar]; aço ISO 5832-1, 20 % encruado; Okazaki 2012, Tabela 2: σ0,2 = 760 ± 5 MPa (mín.-máx. = média ± DP)",760.0,Verificado,
Prótese da anca,Haste femoral,Aço inox 316L,ASTM F138,Metal,Clínico,Resistência à tração,MPa,490.0,860.0,Niinomi M. Mater Sci Eng A 1998;243:231-236,,Valores dependem muito de recozido vs encruado,675.0,A verificar,
Prótese da anca,Haste femoral,Aço inox 316L,ASTM F138,Metal,Clínico,Limite de fadiga (10^7 ciclos),MPa,694.0,694.0,Okazaki Y. Comparison of Fatigue Properties and Fatigue Crack Growth Rates of Various Implantable Metals. Materials 2012;5:2981,https://doi.org/10.3390/ma5122981,"hastes em 316L usam aço encruado; o recozido fica fora por fadiga insuficiente [fonte a indicar]; aço ISO 5832-1, 20 % encruado; Okazaki 2012, Tabela 2: σFS/σUTS = 0,79 e σUTS = 878 ± 19 MPa; cálculo: 0,79 × 878 = 694 MPa; ensaio tração-tração, R = 0,1, 10 Hz, meio de Eagle a 37 °C",694.0,Verificado (derivado),
Prótese da anca,Haste femoral,Aço inox 316L,ASTM F138,Metal,Clínico,Densidade,g/cm³,8.0,8.0,"Alleima, ficha 316LVM",,"mesma ficha da linha do stent (Alleima 316LVM, 8,0 g/cm³); a densidade não depende do encruamento de forma relevante; ficha da Alleima sem URL registado; valor anterior: 7,9-8,0 g/cm³ [sem fonte]; Valores dependem muito de recozido vs encruado (nota antiga, válida para as propriedades mecânicas)",8.0,Verificado (fornecedor),
Prótese da anca,Haste femoral,Aço inox 316L,ASTM F138,Metal,Clínico,Resistência à corrosão (ordinal 1-5),-,3.0,3.0,Escala ordinal definida no trabalho (rubrica em LEIA-ME): justificar com literatura,,Valores dependem muito de recozido vs encruado,3.0,A verificar,
Prótese da anca,Haste femoral,Co-Cr-Mo forjado,ASTM F799/F1537,Metal,Clínico,Módulo de Young,GPa,220.0,230.0,"Navarro M, Michiardi A, Castaño O, Planell JA. Biomaterials in orthopaedics. J R Soc Interface 2008;5(27):1137-1158",https://doi.org/10.1098/rsif.2008.0151,"Navarro et al. 2008, Tabela 1 (linha CoCrMo F75): 220-230 GPa; típico = ponto médio; o módulo quase não depende do processamento (fundido ou forjado)",225.0,Verificado,
Prótese da anca,Haste femoral,Co-Cr-Mo forjado,ASTM F799/F1537,Metal,Clínico,Tensão de cedência,MPa,629.0,709.0,Okazaki Y. Comparison of Fatigue Properties and Fatigue Crack Growth Rates of Various Implantable Metals. Materials 2012;5:2981,https://doi.org/10.3390/ma5122981,"Forjado a quente; Okazaki 2012, Tabela 2: σ0,2 = 669 ± 40 MPa (mín.-máx. = média ± DP)",669.0,Verificado,
Prótese da anca,Haste femoral,Co-Cr-Mo forjado,ASTM F799/F1537,Metal,Clínico,Resistência à tração,MPa,1000.0,1300.0,Niinomi M. Mater Sci Eng A 1998;243:231-236,,Slides: F799 ~2x fadiga/cedência da F75,1150.0,A verificar,
Prótese da anca,Haste femoral,Co-Cr-Mo forjado,ASTM F799/F1537,Metal,Clínico,Limite de fadiga (10^7 ciclos),MPa,796.0,796.0,Okazaki Y. Comparison of Fatigue Properties and Fatigue Crack Growth Rates of Various Implantable Metals. Materials 2012;5:2981,https://doi.org/10.3390/ma5122981,"Forjado a quente; Okazaki 2012, Tabela 2: σFS/σUTS = 0,74 e σUTS = 1075 ± 20 MPa; cálculo: 0,74 × 1075 = 796 MPa; ensaio tração-tração, R = 0,1, 10 Hz, meio de Eagle a 37 °C",796.0,Verificado (derivado),
Prótese da anca,Haste femoral,Co-Cr-Mo forjado,ASTM F799/F1537,Metal,Clínico,Densidade,g/cm³,8.25,8.3,"Alleima, ficha Alleima F1537 (barra); Fort Wayne Metals, FWM 1537 alloy",https://www.alleima.com/en/technical-center/material-datasheets/bar-and-hollow-bar/bar/alleima-f1537/,"mín.: 8,25 g/cm³ a 20 °C (Alleima F1537, barra, ficha de 12 nov 2025); máx.: 8,30 g/cm³ (Fort Wayne Metals, FWM 1537, https://fwmetals.com/what-we-do/materials/high-performance-alloys/fwm-1537-alloy); típico = ponto médio; a ASTM F1537 não define a densidade; valor anterior: 8,3-8,5 g/cm³ [sem fonte]; Slides: F799 ~2x fadiga/cedência da F75",8.275,Verificado (fornecedor),
Prótese da anca,Haste femoral,Co-Cr-Mo forjado,ASTM F799/F1537,Metal,Clínico,Resistência à corrosão (ordinal 1-5),-,4.0,4.0,Escala ordinal definida no trabalho (rubrica em LEIA-ME): justificar com literatura,,Slides: F799 ~2x fadiga/cedência da F75,4.0,A verificar,
Prótese da anca,Haste femoral,Ti-6Al-4V ELI,ASTM F136,Metal,Clínico,Módulo de Young,GPa,101.0,110.0,Li Y et al. Materials 2014;7:1709 (New Developments of Ti-Based Alloys for Biomedical Applications),https://doi.org/10.3390/ma7031709,"Li et al. 2014, Tabela 4 (cita Niinomi 1998): 101-110 GPa, recozido; típico = ponto médio; o valor 110-114 anterior era do Ti-6Al-4V normal (ASTM F1472), não do ELI",105.5,Verificado,
Prótese da anca,Haste femoral,Ti-6Al-4V ELI,ASTM F136,Metal,Clínico,Tensão de cedência,MPa,848.0,850.0,Okazaki Y. Comparison of Fatigue Properties and Fatigue Crack Growth Rates of Various Implantable Metals. Materials 2012;5:2981,https://doi.org/10.3390/ma5122981,"Okazaki 2012, Ti-6Al-4V ISO 5832-3 recozido; o artigo não diz se é ELI (O medido 0,07 %); Tabela 2: σ0,2 = 849 ± 1 MPa (mín.-máx. = média ± DP); valor anterior: 795-875 MPa (Li et al. 2014, Tabela 4, ELI recozido)",849.0,Verificado,
Prótese da anca,Haste femoral,Ti-6Al-4V ELI,ASTM F136,Metal,Clínico,Resistência à tração,MPa,860.0,965.0,Niinomi M. Mater Sci Eng A 1998;243:231-236,,,912.5,A verificar,
Prótese da anca,Haste femoral,Ti-6Al-4V ELI,ASTM F136,Metal,Clínico,Limite de fadiga (10^7 ciclos),MPa,682.0,682.0,Okazaki Y. Comparison of Fatigue Properties and Fatigue Crack Growth Rates of Various Implantable Metals. Materials 2012;5:2981,https://doi.org/10.3390/ma5122981,"Okazaki 2012, Ti-6Al-4V ISO 5832-3 recozido; o artigo não diz se é ELI (O medido 0,07 %); Tabela 2: σFS/σUTS = 0,73 e σUTS = 934 ± 1 MPa; cálculo: 0,73 × 934 = 682 MPa; ensaio tração-tração, R = 0,1, 10 Hz, ao ar (Figura 7); valor anterior: 500-650 MPa (Niinomi 1998, A verificar)",682.0,Verificado (derivado),
Prótese da anca,Haste femoral,Ti-6Al-4V ELI,ASTM F136,Metal,Clínico,Densidade,g/cm³,4.43,4.43,Niinomi M. Mater Sci Eng A 1998;243:231-236,,,4.43,A verificar,
Prótese da anca,Haste femoral,Ti-6Al-4V ELI,ASTM F136,Metal,Clínico,Resistência à corrosão (ordinal 1-5),-,5.0,5.0,Escala ordinal definida no trabalho (rubrica em LEIA-ME): justificar com literatura,,,5.0,A verificar,
Prótese da anca,Haste femoral,Ti cp grau 4,ASTM F67,Metal,Clínico,Módulo de Young,GPa,104.1,104.1,Li Y et al. Materials 2014;7:1709 (New Developments of Ti-Based Alloys for Biomedical Applications),https://doi.org/10.3390/ma7031709,"Resistência limitada para haste de carga elevada; Li et al. 2014, Tabela 4 (cita Niinomi 1998): 104,1 GPa, recozido; a ASTM F67 não especifica módulo: mín. = máx. = típico",104.1,Verificado,
Prótese da anca,Haste femoral,Ti cp grau 4,ASTM F67,Metal,Clínico,Tensão de cedência,MPa,610.0,622.0,Okazaki Y. Comparison of Fatigue Properties and Fatigue Crack Growth Rates of Various Implantable Metals. Materials 2012;5:2981,https://doi.org/10.3390/ma5122981,"Resistência limitada para haste de carga elevada; Okazaki 2012, Ti cp grau 4 (ISO 5832-2) recozido; Tabela 2: σ0,2 = 616 ± 6 MPa (mín.-máx. = média ± DP); valor anterior: 483-485 MPa (Li et al. 2014, Tabela 4: 485 MPa; mínimo da ASTM F67: 483 MPa)",616.0,Verificado,
Prótese da anca,Haste femoral,Ti cp grau 4,ASTM F67,Metal,Clínico,Resistência à tração,MPa,550.0,680.0,Niinomi M. Mater Sci Eng A 1998;243:231-236,,Resistência limitada para haste de carga elevada,615.0,A verificar,
Prótese da anca,Haste femoral,Ti cp grau 4,ASTM F67,Metal,Clínico,Limite de fadiga (10^7 ciclos),MPa,483.0,483.0,Okazaki Y. Comparison of Fatigue Properties and Fatigue Crack Growth Rates of Various Implantable Metals. Materials 2012;5:2981,https://doi.org/10.3390/ma5122981,"Resistência limitada para haste de carga elevada; Okazaki 2012, Ti cp grau 4 (ISO 5832-2) recozido; Tabela 2: σFS/σUTS = 0,69 e σUTS = 700 ± 8 MPa; cálculo: 0,69 × 700 = 483 MPa; ensaio tração-tração, R = 0,1, 10 Hz, meio não indicado; valor anterior: 340-430 MPa (Niinomi 1998, A verificar)",483.0,Verificado (derivado),
Prótese da anca,Haste femoral,Ti cp grau 4,ASTM F67,Metal,Clínico,Densidade,g/cm³,4.51,4.51,Niinomi M. Mater Sci Eng A 1998;243:231-236,,Resistência limitada para haste de carga elevada,4.51,A verificar,
Prótese da anca,Haste femoral,Ti cp grau 4,ASTM F67,Metal,Clínico,Resistência à corrosão (ordinal 1-5),-,5.0,5.0,Escala ordinal definida no trabalho (rubrica em LEIA-ME): justificar com literatura,,Resistência limitada para haste de carga elevada,5.0,A verificar,
Prótese da anca,Haste femoral,Ti-13Nb-13Zr,ASTM F1713,Metal,Clínico (uso limitado),Módulo de Young,GPa,79.0,84.0,Li Y et al. Materials 2014;7:1709 (New Developments of Ti-Based Alloys for Biomedical Applications),https://doi.org/10.3390/ma7031709,"Liga β sem Al/V, módulo mais baixo; Li et al. 2014, Tabela 4 (cita Niinomi 1998): 79-84 GPa, envelhecido; típico = ponto médio",81.5,Verificado,
Prótese da anca,Haste femoral,Ti-13Nb-13Zr,ASTM F1713,Metal,Clínico (uso limitado),Tensão de cedência,MPa,836.0,908.0,Li Y et al. Materials 2014;7:1709 (New Developments of Ti-Based Alloys for Biomedical Applications),https://doi.org/10.3390/ma7031709,"Liga β sem Al/V, módulo mais baixo; Li et al. 2014, Tabela 4 (cita Niinomi 1998): 836-908 MPa, envelhecido; típico = ponto médio",872.0,Verificado,
Prótese da anca,Haste femoral,Ti-13Nb-13Zr,ASTM F1713,Metal,Clínico (uso limitado),Resistência à tração,MPa,973.0,1037.0,Geetha M et al. Prog Mater Sci 2009;54:397-425,,"Liga β sem Al/V, módulo mais baixo",1005.0,A verificar,
Prótese da anca,Haste femoral,Ti-13Nb-13Zr,ASTM F1713,Metal,Clínico (uso limitado),Limite de fadiga (10^7 ciclos),MPa,500.0,600.0,Geetha M et al. Prog Mater Sci 2009;54:397-425,,"Liga β sem Al/V, módulo mais baixo",550.0,A verificar,
Prótese da anca,Haste femoral,Ti-13Nb-13Zr,ASTM F1713,Metal,Clínico (uso limitado),Densidade,g/cm³,4.9,5.1,Geetha M et al. Prog Mater Sci 2009;54:397-425,,"Liga β sem Al/V, módulo mais baixo",5.0,A verificar,
Prótese da anca,Haste femoral,Ti-13Nb-13Zr,ASTM F1713,Metal,Clínico (uso limitado),Resistência à corrosão (ordinal 1-5),-,5.0,5.0,Escala ordinal definida no trabalho (rubrica em LEIA-ME): justificar com literatura,,"Liga β sem Al/V, módulo mais baixo",5.0,A verificar,
Prótese da anca,Haste femoral,Ti-35Nb-7Zr-5Ta (TNZT),-,Metal,Investigação,Módulo de Young,GPa,55.0,55.0,Li Y et al. Materials 2014;7:1709 (New Developments of Ti-Based Alloys for Biomedical Applications),https://doi.org/10.3390/ma7031709,"Excluído no cenário 'só materiais clínicos'; variante com 0,06 % de O; Li et al. 2014, Tabela 4 (recozido): 55 GPa; o valor de 66 GPa corresponde à variante com mais oxigénio (0,4 % O)",55.0,Verificado,
Prótese da anca,Haste femoral,Ti-35Nb-7Zr-5Ta (TNZT),-,Metal,Investigação,Tensão de cedência,MPa,530.0,547.0,Li Y et al. Materials 2014;7:1709 (New Developments of Ti-Based Alloys for Biomedical Applications),https://doi.org/10.3390/ma7031709,"Excluído no cenário 'só materiais clínicos'; variante com 0,06 % de O; Li et al. 2014: 530 MPa (Tabela 11, 0,06 % O, solubilizado) e 547 MPa (Tabela 4, recozido); típico = ponto médio",538.5,Verificado,
Prótese da anca,Haste femoral,Ti-35Nb-7Zr-5Ta (TNZT),-,Metal,Investigação,Resistência à tração,MPa,590.0,600.0,Geetha M et al. Prog Mater Sci 2009;54:397-425,,Excluído no cenário 'só materiais clínicos',595.0,A verificar,
Prótese da anca,Haste femoral,Ti-35Nb-7Zr-5Ta (TNZT),-,Metal,Investigação,Limite de fadiga (10^7 ciclos),MPa,275.0,275.0,Li Y et al. Materials 2014;7:1709 (New Developments of Ti-Based Alloys for Biomedical Applications),https://doi.org/10.3390/ma7031709,"Excluído no cenário 'só materiais clínicos'; variante com 0,06 % de O; Li et al. 2014, secção 4.1 (texto): 275 MPa, solubilizado; o valor de 450 MPa corresponde à variante com mais oxigénio (0,46 % O)",275.0,Verificado,
Prótese da anca,Haste femoral,Ti-35Nb-7Zr-5Ta (TNZT),-,Metal,Investigação,Densidade,g/cm³,5.6,5.8,Geetha M et al. Prog Mater Sci 2009;54:397-425,,Excluído no cenário 'só materiais clínicos',5.699999999999999,A verificar,
Prótese da anca,Haste femoral,Ti-35Nb-7Zr-5Ta (TNZT),-,Metal,Investigação,Resistência à corrosão (ordinal 1-5),-,5.0,5.0,Escala ordinal definida no trabalho (rubrica em LEIA-ME): justificar com literatura,,Excluído no cenário 'só materiais clínicos',5.0,A verificar,
Prótese da anca,Par articular (cabeça/acetábulo),CoCrMo / UHMWPE convencional (MoP),-,Par tribológico,Clínico,Taxa de desgaste linear,mm/ano,0.04,0.106,"Teeter MG, Yuan X, Somerville LE, MacDonald SJ, McCalden RW, Naudie DD. Thirteen-year wear rate comparison of highly crosslinked and conventional polyethylene in total hip arthroplasty. Can J Surg 2017;60(3):212-216",https://doi.org/10.1503/cjs.005216,"in vivo, RSA; CoCr 28 mm contra PE convencional (Trilogy, Zimmer); ensaio aleatorizado, n = 8 por braço aos 13,6 anos; rodagem incluída; mín.-máx. = intervalo; sem rodagem (primeiros 5 anos): 0,051 ± 0,022 mm/ano; Glyn-Jones 2015 (RSA): 0,030 mm/ano em regime estacionário, cabeça não indicada; mistura de métodos: RSA neste par, radiografia simples nos restantes | Osteólise por partículas de PE; corrosão na junção cabeça-cone",0.077,Verificado,
Prótese da anca,Par articular (cabeça/acetábulo),CoCrMo / UHMWPE convencional (MoP),-,Par tribológico,Clínico,Dureza da cabeça,HV,312.0,368.0,"Fischer A, Weiß S, Wimmer MA. The tribological difference between biomedical steels and CoCrMo-alloys. J Mech Behav Biomed Mater 2012;9:50-62, Tabela 1",https://doi.org/10.1016/j.jmbbm.2012.01.007,"varão forjado, não cabeça femoral; HV10 = 340 ± 28 (mín.-máx. = média ± DP); CoCr29Mo6 de baixo carbono, ISO 5832-6 / ASTM F1537, solubilizado | Osteólise por partículas de PE; corrosão na junção cabeça-cone",340.0,Verificado,
Prótese da anca,Par articular (cabeça/acetábulo),CoCrMo / UHMWPE convencional (MoP),-,Par tribológico,Clínico,Segurança iónica / risco ALTR (ordinal 1-5),-,4.0,4.0,Escala ordinal definida no trabalho (rubrica em LEIA-ME): justificar com literatura,,OBRIGATÓRIO indicar tipo de evidência: in vivo (radiográfico/RSA) vs simulador ISO 14242: não misturar | Osteólise por partículas de PE; corrosão na junção cabeça-cone,4.0,A verificar,
Prótese da anca,Par articular (cabeça/acetábulo),CoCrMo / HXLPE (MoXLPE),-,Par tribológico,Clínico,Taxa de desgaste linear,mm/ano,0.011,0.0212,"Higuchi Y, Seki T, Morita D, Komatsu D, Takegami Y, Ishiguro N. Comparison of wear rate between ceramic-on-ceramic, metal on highly cross-linked polyethylene, and metal-on-metal bearings. Rev Bras Ortop 2019;54(3):295-302, Tabela 4",https://doi.org/10.1055/s-0039-1691762,"in vivo, radiografia simples (AP); CoCr contra HXLPE Crossfire (Stryker); n = 77; 7,6 anos; média ± DP; rodagem incluída; sem rodagem (true wear): 0,0096 mm/ano | PE altamente reticulado; oxidação se radiação gama sem estabilização",0.0161,Verificado,
Prótese da anca,Par articular (cabeça/acetábulo),CoCrMo / HXLPE (MoXLPE),-,Par tribológico,Clínico,Dureza da cabeça,HV,312.0,368.0,"Fischer A, Weiß S, Wimmer MA. The tribological difference between biomedical steels and CoCrMo-alloys. J Mech Behav Biomed Mater 2012;9:50-62, Tabela 1",https://doi.org/10.1016/j.jmbbm.2012.01.007,"varão forjado, não cabeça femoral; HV10 = 340 ± 28 (mín.-máx. = média ± DP); CoCr29Mo6 de baixo carbono, ISO 5832-6 / ASTM F1537, solubilizado | PE altamente reticulado; oxidação se radiação gama sem estabilização",340.0,Verificado,
Prótese da anca,Par articular (cabeça/acetábulo),CoCrMo / HXLPE (MoXLPE),-,Par tribológico,Clínico,Segurança iónica / risco ALTR (ordinal 1-5),-,4.0,4.0,Escala ordinal definida no trabalho (rubrica em LEIA-ME): justificar com literatura,,OBRIGATÓRIO indicar tipo de evidência: in vivo (radiográfico/RSA) vs simulador ISO 14242: não misturar | PE altamente reticulado; oxidação se radiação gama sem estabilização,4.0,A verificar,
Prótese da anca,Par articular (cabeça/acetábulo),ZTA / HXLPE (CoXLPE),-,Par tribológico,Clínico,Taxa de desgaste linear,mm/ano,0.032,0.044,"Kim YH, Park JW. Eighteen-Year Results of Cementless THA with Alumina-on-HXLPE Bearings in Patients <30 Years Old. J Bone Joint Surg Am 2020;102(14):1255-1259",https://doi.org/10.2106/JBJS.19.01157,"alumina BIOLOX forte, não ZTA; doentes < 30 anos (muito ativos): pior caso; não comparável com o MoXLPE, porque os estudos, os polietilenos e os métodos são diferentes; in vivo, radiografia simples (AP, AutoCAD); 28 mm contra HXLPE Marathon (DePuy); cerca de 54 ancas; 17,8 anos; média ± DP; tratamento da rodagem não explicado; Weishorn 2023: 0,059 ± 0,031 mm/ano sem rodagem (Biolox sem geração indicada, contra Durasul); Dahl 2013 (RSA, PE convencional): a cabeça de alumina desgastou o PE menos de metade da CoCr (0,62 vs 1,40 mm aos 10 anos), única comparação cerâmica vs CoCr no mesmo estudo | Cerâmica na cabeça elimina corrosão na junção",0.038,Verificado,
Prótese da anca,Par articular (cabeça/acetábulo),ZTA / HXLPE (CoXLPE),-,Par tribológico,Clínico,Dureza da cabeça,HV,1937.0,1937.0,"KYOCERA Medical Technologies. BIOLOX delta Ceramic (página de produto), Tabela 1; consultada a 29 set 2026",https://medical.kyocera.com/joint/prdct/biolox-delta-ceramic.html,"BIOLOX delta; fonte: página de distribuidor (Kyocera), não o fabricante: 19 GPa (HV1); conversão: 19 / 0,009807 = 1937 HV; apoio: Merkert 2008 (resumo de congresso): 1975 HV; DePuy (folheto): cerca de 2000 HV | Cerâmica na cabeça elimina corrosão na junção",1937.0,Verificado (fornecedor),
Prótese da anca,Par articular (cabeça/acetábulo),ZTA / HXLPE (CoXLPE),-,Par tribológico,Clínico,Segurança iónica / risco ALTR (ordinal 1-5),-,5.0,5.0,Escala ordinal definida no trabalho (rubrica em LEIA-ME): justificar com literatura,,OBRIGATÓRIO indicar tipo de evidência: in vivo (radiográfico/RSA) vs simulador ISO 14242: não misturar | Cerâmica na cabeça elimina corrosão na junção,5.0,A verificar,
Prótese da anca,Par articular (cabeça/acetábulo),ZTA / ZTA (CoC),-,Par tribológico,Clínico,Taxa de desgaste linear,mm/ano,0.0019,0.0063,"Higuchi Y, Seki T, Morita D, Komatsu D, Takegami Y, Ishiguro N. Comparison of wear rate between ceramic-on-ceramic, metal on highly cross-linked polyethylene, and metal-on-metal bearings. Rev Bras Ortop 2019;54(3):295-302, Tabela 4",https://doi.org/10.1055/s-0039-1691762,"alumina, não ZTA; a ZTA desgasta igual ou menos, logo é o pior caso; in vivo, radiografia simples (AP); BIOLOX forte; n = 105; 7,6 anos; média ± DP; rodagem incluída (sem rodagem: 0,0037 mm/ano); van Loon 2021 (BIOLOX delta, 32 mm, n = 25 aos 10 anos): mediana 0,000 mm/ano (0,000 a 0,005); valores abaixo da resolução da radiografia simples: a diferença entre CoC e MoM não é significativa | Risco de fratura baixo mas não nulo; ruído (squeaking)",0.0041,Verificado,
Prótese da anca,Par articular (cabeça/acetábulo),ZTA / ZTA (CoC),-,Par tribológico,Clínico,Dureza da cabeça,HV,1937.0,1937.0,"KYOCERA Medical Technologies. BIOLOX delta Ceramic (página de produto), Tabela 1; consultada a 29 set 2026",https://medical.kyocera.com/joint/prdct/biolox-delta-ceramic.html,"BIOLOX delta; fonte: página de distribuidor (Kyocera), não o fabricante: 19 GPa (HV1); conversão: 19 / 0,009807 = 1937 HV; apoio: Merkert 2008 (resumo de congresso): 1975 HV; DePuy (folheto): cerca de 2000 HV | Risco de fratura baixo mas não nulo; ruído (squeaking)",1937.0,Verificado (fornecedor),
Prótese da anca,Par articular (cabeça/acetábulo),ZTA / ZTA (CoC),-,Par tribológico,Clínico,Segurança iónica / risco ALTR (ordinal 1-5),-,5.0,5.0,Escala ordinal definida no trabalho (rubrica em LEIA-ME): justificar com literatura,,OBRIGATÓRIO indicar tipo de evidência: in vivo (radiográfico/RSA) vs simulador ISO 14242: não misturar | Risco de fratura baixo mas não nulo; ruído (squeaking),5.0,A verificar,
Prótese da anca,Par articular (cabeça/acetábulo),CoCrMo / CoCrMo (MoM),-,Par tribológico,Clínico (abandonado),Taxa de desgaste linear,mm/ano,0.0035,0.0073,"Higuchi Y, Seki T, Morita D, Komatsu D, Takegami Y, Ishiguro N. Comparison of wear rate between ceramic-on-ceramic, metal on highly cross-linked polyethylene, and metal-on-metal bearings. Rev Bras Ortop 2019;54(3):295-302, Tabela 4",https://doi.org/10.1055/s-0039-1691762,"in vivo, radiografia simples (AP); Pinnacle 28 e 36 mm; n = 55; 7,6 anos; média ± DP; rodagem incluída (sem rodagem: 0,0051 mm/ano); Sieber 1999 (explantes Metasul, n = 118): cerca de 25 µm/ano no 1.º ano e 5 µm/ano depois do 3.º [confirmar: só o resumo]; valores abaixo da resolução da radiografia simples: a diferença entre CoC e MoM não é significativa | Iões Co/Cr, ALTR; recolha ASR 2010: candidato a eliminar na triagem",0.0054,Verificado,
Prótese da anca,Par articular (cabeça/acetábulo),CoCrMo / CoCrMo (MoM),-,Par tribológico,Clínico (abandonado),Dureza da cabeça,HV,312.0,368.0,"Fischer A, Weiß S, Wimmer MA. The tribological difference between biomedical steels and CoCrMo-alloys. J Mech Behav Biomed Mater 2012;9:50-62, Tabela 1",https://doi.org/10.1016/j.jmbbm.2012.01.007,"varão forjado, não cabeça femoral; HV10 = 340 ± 28 (mín.-máx. = média ± DP); CoCr29Mo6 de baixo carbono, ISO 5832-6 / ASTM F1537, solubilizado | Iões Co/Cr, ALTR; recolha ASR 2010: candidato a eliminar na triagem",340.0,Verificado,
Prótese da anca,Par articular (cabeça/acetábulo),CoCrMo / CoCrMo (MoM),-,Par tribológico,Clínico (abandonado),Segurança iónica / risco ALTR (ordinal 1-5),-,1.0,1.0,Escala ordinal definida no trabalho (rubrica em LEIA-ME): justificar com literatura,,"OBRIGATÓRIO indicar tipo de evidência: in vivo (radiográfico/RSA) vs simulador ISO 14242: não misturar | Iões Co/Cr, ALTR; recolha ASR 2010: candidato a eliminar na triagem",1.0,A verificar,
Implante dentário,Corpo do implante,Ti cp grau 4,ASTM F67,Metal,Clínico,Módulo de Young,GPa,103.0,110.0,Niinomi M. Mater Sci Eng A 1998;243:231-236,,,106.5,A verificar,
Implante dentário,Corpo do implante,Ti cp grau 4,ASTM F67,Metal,Clínico,Resistência mecânica (tração/flexão),MPa,550.0,680.0,Niinomi M. Mater Sci Eng A 1998;243:231-236,,,615.0,A verificar,
Implante dentário,Corpo do implante,Ti cp grau 4,ASTM F67,Metal,Clínico,Tenacidade à fratura (K_IC),MPa·m^0.5,50.0,70.0,Niinomi M. Mater Sci Eng A 1998;243:231-236,,,60.0,A verificar,
Implante dentário,Corpo do implante,Ti cp grau 4,ASTM F67,Metal,Clínico,Densidade,g/cm³,4.51,4.51,Niinomi M. Mater Sci Eng A 1998;243:231-236,,,4.51,A verificar,
Implante dentário,Corpo do implante,Ti cp grau 4,ASTM F67,Metal,Clínico,Estética (ordinal 1-5),-,2.0,2.0,Escala ordinal definida no trabalho (rubrica em LEIA-ME): justificar com literatura,,,2.0,A verificar,
Implante dentário,Corpo do implante,Ti cp grau 4,ASTM F67,Metal,Clínico,Evidência clínica de osteointegração (ordinal 1-5),-,5.0,5.0,Adell R et al. Int J Oral Maxillofac Implants 1990;5:347-359 (PMID 2094653); Howe MS et al. J Dent 2019;84:9-21,https://doi.org/10.1016/j.jdent.2019.03.008,"só resumo; nota segundo a rubrica do leia_me; Adell 1990: 4636 implantes de Ti cp (grau não indicado no resumo), sobrevivência 86 % (mandíbula) e 78 % (maxila) aos 15 anos; Howe 2019: meta-análise, 96,4 % aos 10 anos (sistemas contemporâneos, sem separar por material); Müller F et al. Clin Oral Implants Res 2024;35:77-88 (https://doi.org/10.1111/clr.14199): braço de Ti grau IV 95,8 % aos 10 anos; valor anterior: 5",5.0,Verificado,
Implante dentário,Corpo do implante,Ti-6Al-4V ELI,ASTM F136,Metal,Clínico,Módulo de Young,GPa,110.0,114.0,Niinomi M. Mater Sci Eng A 1998;243:231-236,,,112.0,A verificar,
Implante dentário,Corpo do implante,Ti-6Al-4V ELI,ASTM F136,Metal,Clínico,Resistência mecânica (tração/flexão),MPa,860.0,965.0,Niinomi M. Mater Sci Eng A 1998;243:231-236,,,912.5,A verificar,
Implante dentário,Corpo do implante,Ti-6Al-4V ELI,ASTM F136,Metal,Clínico,Tenacidade à fratura (K_IC),MPa·m^0.5,55.0,75.0,Niinomi M. Mater Sci Eng A 1998;243:231-236,,,65.0,A verificar,
Implante dentário,Corpo do implante,Ti-6Al-4V ELI,ASTM F136,Metal,Clínico,Densidade,g/cm³,4.43,4.43,Niinomi M. Mater Sci Eng A 1998;243:231-236,,,4.43,A verificar,
Implante dentário,Corpo do implante,Ti-6Al-4V ELI,ASTM F136,Metal,Clínico,Estética (ordinal 1-5),-,2.0,2.0,Escala ordinal definida no trabalho (rubrica em LEIA-ME): justificar com literatura,,,2.0,A verificar,
Implante dentário,Corpo do implante,Ti-6Al-4V ELI,ASTM F136,Metal,Clínico,Evidência clínica de osteointegração (ordinal 1-5),-,2.0,2.0,Shah FA et al. Mater Sci Eng C 2016;62:960-966; Johansson CB et al. Int J Oral Maxillofac Implants 1998;13:315-321 (PMID 9638001),https://doi.org/10.1016/j.msec.2016.01.032,só resumo; nota segundo a rubrica do leia_me; sem séries clínicas que identifiquem a liga no corpo do implante dentário; Shah 2016 (revisão): não existem estudos clínicos comparativos com o Ti cp; Johansson 1998 (coelho): torque de remoção menor do que o do Ti cp; valor anterior: 4,2.0,Verificado,
Implante dentário,Corpo do implante,Ti-Zr (~15% Zr),-,Metal,Clínico,Módulo de Young,GPa,95.0,105.0,Ficha técnica do fabricante (ex.: Straumann Roxolid): confirmar,,,100.0,A verificar,
Implante dentário,Corpo do implante,Ti-Zr (~15% Zr),-,Metal,Clínico,Resistência mecânica (tração/flexão),MPa,900.0,1000.0,Ficha técnica do fabricante (ex.: Straumann Roxolid): confirmar,,,950.0,A verificar,
Implante dentário,Corpo do implante,Ti-Zr (~15% Zr),-,Metal,Clínico,Tenacidade à fratura (K_IC),MPa·m^0.5,50.0,70.0,Ficha técnica do fabricante (ex.: Straumann Roxolid): confirmar,,,60.0,A verificar,
Implante dentário,Corpo do implante,Ti-Zr (~15% Zr),-,Metal,Clínico,Densidade,g/cm³,4.9,5.1,Ficha técnica do fabricante (ex.: Straumann Roxolid): confirmar,,,5.0,A verificar,
Implante dentário,Corpo do implante,Ti-Zr (~15% Zr),-,Metal,Clínico,Estética (ordinal 1-5),-,2.0,2.0,Escala ordinal definida no trabalho (rubrica em LEIA-ME): justificar com literatura,,,2.0,A verificar,
Implante dentário,Corpo do implante,Ti-Zr (~15% Zr),-,Metal,Clínico,Evidência clínica de osteointegração (ordinal 1-5),-,4.0,4.0,Müller F et al. Clin Oral Implants Res 2024;35:77-88; Altuna P et al. Int J Oral Maxillofac Surg 2016;45:842-850,https://doi.org/10.1111/clr.14199,"só resumo; nota segundo a rubrica do leia_me; Müller 2024: ensaio aleatorizado em boca dividida, TiZr 98,9 % vs Ti grau IV 95,8 % aos 10 anos (36 doentes na análise ITT); Altuna 2016 (https://doi.org/10.1016/j.ijom.2016.01.004): 922 implantes, 97,7 % aos 2 anos; ensaio patrocinado pela Institut Straumann AG (Müller 2015, BMC Oral Health 15:123, texto completo); valor anterior: 4",4.0,Verificado,
Implante dentário,Corpo do implante,Zircónia Y-TZP,ISO 13356,Cerâmico,Clínico,Módulo de Young,GPa,200.0,210.0,Chevalier J. Biomaterials 2006;27:535-543 (zircónia/envelhecimento),,,205.0,A verificar,
Implante dentário,Corpo do implante,Zircónia Y-TZP,ISO 13356,Cerâmico,Clínico,Resistência mecânica (tração/flexão),MPa,900.0,1200.0,Chevalier J. Biomaterials 2006;27:535-543 (zircónia/envelhecimento),,"Cerâmicos: resistência à flexão, não tração",1050.0,A verificar,
Implante dentário,Corpo do implante,Zircónia Y-TZP,ISO 13356,Cerâmico,Clínico,Tenacidade à fratura (K_IC),MPa·m^0.5,5.0,10.0,Chevalier J. Biomaterials 2006;27:535-543 (zircónia/envelhecimento),,Degradação a baixa temperatura (LTD): ver Chevalier 2006,7.5,A verificar,
Implante dentário,Corpo do implante,Zircónia Y-TZP,ISO 13356,Cerâmico,Clínico,Densidade,g/cm³,6.0,6.1,Chevalier J. Biomaterials 2006;27:535-543 (zircónia/envelhecimento),,,6.05,A verificar,
Implante dentário,Corpo do implante,Zircónia Y-TZP,ISO 13356,Cerâmico,Clínico,Estética (ordinal 1-5),-,5.0,5.0,Escala ordinal definida no trabalho (rubrica em LEIA-ME): justificar com literatura,,,5.0,A verificar,
Implante dentário,Corpo do implante,Zircónia Y-TZP,ISO 13356,Cerâmico,Clínico,Evidência clínica de osteointegração (ordinal 1-5),-,3.0,3.0,Pieralli S et al. J Dent Res 2017;96:38-46; Roehling S et al. Clin Oral Implants Res 2018;29(S16):135-153,https://doi.org/10.1177/0022034516664043,"só resumo; nota segundo a rubrica do leia_me; Pieralli 2017: 398 implantes, 95,6 % aos 12 meses; Roehling 2018 (https://doi.org/10.1111/clr.13352): 98,3 % (1 ano), 97,2 % (2 anos); Roehling 2026 (https://doi.org/10.1111/clr.70089): 97,7 % aos 10 anos, 35 implantes, financiado pela Straumann; outros sistemas 62-80 % (Herber 2025, https://doi.org/10.1186/s40729-025-00655-1; Steyer 2021, https://doi.org/10.3390/ma14226738); consenso ITI 2018 (Morton, https://doi.org/10.1111/clr.13298): preferir implantes de uma peça; valor anterior: 3",3.0,Verificado,
Implante dentário,Corpo do implante,PEEK,ASTM F2026,Polímero,Clínico (uso limitado),Módulo de Young,GPa,3.0,4.0,"Ratner BD et al. Biomaterials Science, 4th ed., 2020",,,3.5,A verificar,
Implante dentário,Corpo do implante,PEEK,ASTM F2026,Polímero,Clínico (uso limitado),Resistência mecânica (tração/flexão),MPa,90.0,100.0,"Ratner BD et al. Biomaterials Science, 4th ed., 2020",,,95.0,A verificar,
Implante dentário,Corpo do implante,PEEK,ASTM F2026,Polímero,Clínico (uso limitado),Tenacidade à fratura (K_IC),MPa·m^0.5,3.0,6.0,"Ratner BD et al. Biomaterials Science, 4th ed., 2020",,,4.5,A verificar,
Implante dentário,Corpo do implante,PEEK,ASTM F2026,Polímero,Clínico (uso limitado),Densidade,g/cm³,1.3,1.32,"Ratner BD et al. Biomaterials Science, 4th ed., 2020",,,1.31,A verificar,
Implante dentário,Corpo do implante,PEEK,ASTM F2026,Polímero,Clínico (uso limitado),Estética (ordinal 1-5),-,3.0,3.0,Escala ordinal definida no trabalho (rubrica em LEIA-ME): justificar com literatura,,,3.0,A verificar,
Implante dentário,Corpo do implante,PEEK,ASTM F2026,Polímero,Clínico (uso limitado),Evidência clínica de osteointegração (ordinal 1-5),-,1.0,1.0,"Najeeb S et al. J Oral Implantol 2016;42:512-516; Mishra S, Chowdhary R. Clin Implant Dent Relat Res 2019;21:208-222",https://doi.org/10.1563/aaid-joi-d-16-00072,"só resumo; nota segundo a rubrica do leia_me; só evidência pré-clínica; nos estudos animais o PEEK sem revestimento foi menos osteogénico do que o titânio (Najeeb 2016); faltam ensaios clínicos (Mishra 2019, https://doi.org/10.1111/cid.12706); valor anterior: 1",1.0,Verificado,
Stent vascular,Estrutura do stent,Aço inox 316L,ASTM F138,Metal,Clínico (1.ª geração),Módulo de Young,GPa,193.0,193.0,Hanawa T. J Artif Organs 2009;12:73-79 (metais para stents),,Contém Ni; struts espessos,193.0,A verificar,
Stent vascular,Estrutura do stent,Aço inox 316L,ASTM F138,Metal,Clínico (1.ª geração),Tensão de cedência,MPa,205.0,340.0,Hanawa T. J Artif Organs 2009;12:73-79 (metais para stents),,,272.5,A verificar,
Stent vascular,Estrutura do stent,Aço inox 316L,ASTM F138,Metal,Clínico (1.ª geração),Resistência à tração,MPa,515.0,670.0,Hanawa T. J Artif Organs 2009;12:73-79 (metais para stents),,,592.5,A verificar,
Stent vascular,Estrutura do stent,Aço inox 316L,ASTM F138,Metal,Clínico (1.ª geração),Alongamento na rotura,%,40.0,50.0,"Alleima, ficha 316LVM (tubo de parede fina recozido); patente US 6780261 B2 (Scimed), tubo de stent totalmente recozido",https://patents.google.com/patent/US6780261B2/en,"regra da forma: mín. e máx. só com a forma do dispositivo (tubo ou fita; stents cortados a laser de tubo); as duas fontes são de tubo; típico e mín.: tubo de parede fina recozido 40 % (Alleima 316LVM, coluna ""typical"", não é mínimo de especificação); máx.: tubo de stent totalmente recozido ~50 % (patente US 6780261 B2, Scimed); valor anterior: 40-60 % (Hanawa T. J Artif Organs 2009;12:73-79); o doi_url é o da patente (fonte do máx.); ficha da Alleima sem URL registado",40.0,Verificado (fornecedor),
Stent vascular,Estrutura do stent,Aço inox 316L,ASTM F138,Metal,Clínico (1.ª geração),Densidade,g/cm³,8.0,8.0,"Alleima, ficha 316LVM",,valor anterior: 8 g/cm³ (Hanawa T. J Artif Organs 2009;12:73-79),8.0,Verificado (fornecedor),
Stent vascular,Estrutura do stent,Aço inox 316L,ASTM F138,Metal,Clínico (1.ª geração),Espessura típica de strut,µm,130.0,140.0,"Nikam N, Steinberg TB, Steinberg DH. Med Devices (Auckl) 2014;7:165-178 (Tabela 1)",https://doi.org/10.2147/MDER.S31869,"revisão, texto completo: plataformas de 316L de primeira geração, Express 132 µm e Bx Velocity (Cypher) 140 µm; Multi-Link Duet 140 µm no ISAR-STEREO (Kastrati 2001, https://doi.org/10.1161/01.CIR.103.23.2816); típico = ponto médio; espessura de strut = propriedade do dispositivo, não do material; o 316L também existiu com struts finos (Multi-Link 50 µm, Liberté 81 µm); valor anterior: 100-140 µm (Hanawa T. J Artif Organs 2009;12)",135.0,Verificado,
Stent vascular,Estrutura do stent,Aço inox 316L,ASTM F138,Metal,Clínico (1.ª geração),Tempo de reabsorção,meses,,,Hanawa T. J Artif Organs 2009;12:73-79 (metais para stents),,Permanente: só entra no cenário B como 'não reabsorve',,A verificar,
Stent vascular,Estrutura do stent,Aço inox 316L,ASTM F138,Metal,Clínico (1.ª geração),Tipo de expansão,-,,,,,Categórico: balão ou autoexpansível,,A verificar,balão
Stent vascular,Estrutura do stent,Co-Cr L605,ASTM F90,Metal,Clínico,Módulo de Young,GPa,225.0,225.0,"Lamineries Matthey, ficha Alloy L-605 v26E (fita recozida, declara ASTM F90); Haynes International, HAYNES 25 (chapa solubilizada); Fort Wayne Metals, L-605 alloy (barra e fio)",https://www.matthey.ch/fileadmin/user_upload/downloads/fichetechnique/EN/Alloy_L-605_v26E.pdf,"Slides: F90 (Co-Cr-W-Ni); regra da forma: mín. e máx. só com a forma do dispositivo (tubo ou fita; stents cortados a laser de tubo); valor único nessa forma, ±10 % no Monte Carlo; fita recozida 225 GPa (Matthey); outras formas, só para registo: chapa 225 GPa (Haynes), barra e fio 243 GPa (Fort Wayne, https://fwmetals.com/what-we-do/materials/high-performance-alloys/l-605-alloy); intervalo anterior: 225-243 GPa (incluía a barra e o fio); valor anterior: 243 GPa (Hanawa T. J Artif Organs 2009;12:73-79)",225.0,Verificado (fornecedor),
Stent vascular,Estrutura do stent,Co-Cr L605,ASTM F90,Metal,Clínico,Tensão de cedência,MPa,380.0,700.0,"Lamineries Matthey, ficha Alloy L-605 v26E (fita recozida, declara ASTM F90); Haynes International, HAYNES 25 (chapa solubilizada); Fort Wayne Metals, L-605 alloy (barra e fio)",https://www.matthey.ch/fileadmin/user_upload/downloads/fichetechnique/EN/Alloy_L-605_v26E.pdf,"regra da forma: mín. e máx. só com a forma do dispositivo (tubo ou fita; stents cortados a laser de tubo); intervalo: fita recozida 380-700 MPa (Matthey); típico: chapa solubilizada 476 MPa (Haynes), por não haver ficha de tubo com valores; outras formas, só para registo: barra 517 MPa e fio 621 MPa (Fort Wayne, https://fwmetals.com/what-we-do/materials/high-performance-alloys/l-605-alloy); valor anterior: 460-500 MPa (Hanawa T. J Artif Organs 2009;12:73-79)",476.0,Verificado (fornecedor),
Stent vascular,Estrutura do stent,Co-Cr L605,ASTM F90,Metal,Clínico,Resistência à tração,MPa,900.0,1000.0,"Lamineries Matthey, ficha Alloy L-605 v26E (fita recozida, declara ASTM F90); Haynes International, HAYNES 25 (chapa solubilizada); Fort Wayne Metals, L-605 alloy (barra e fio)",https://www.matthey.ch/fileadmin/user_upload/downloads/fichetechnique/EN/Alloy_L-605_v26E.pdf,"regra da forma: mín. e máx. só com a forma do dispositivo (tubo ou fita; stents cortados a laser de tubo); intervalo: fita recozida 900-1000 MPa (Matthey); típico: chapa 996 MPa (Haynes), por não haver ficha de tubo com valores; outra forma, só para registo: fio 1138 MPa (Fort Wayne, https://fwmetals.com/what-we-do/materials/high-performance-alloys/l-605-alloy); intervalo anterior: 900-1138 MPa (incluía o fio); valor anterior: 1000-1050 MPa (Hanawa T. J Artif Organs 2009;12:73-79)",996.0,Verificado (fornecedor),
Stent vascular,Estrutura do stent,Co-Cr L605,ASTM F90,Metal,Clínico,Alongamento na rotura,%,40.0,40.0,"Lamineries Matthey, ficha Alloy L-605 v26E (fita recozida, declara ASTM F90); Fort Wayne Metals, L-605 alloy (fio)",https://www.matthey.ch/fileadmin/user_upload/downloads/fichetechnique/EN/Alloy_L-605_v26E.pdf,"regra da forma: mín. e máx. só com a forma do dispositivo (tubo ou fita; stents cortados a laser de tubo); valor único nessa forma, ±10 % no Monte Carlo; fita recozida A50mm 40 % (Matthey; a ficha não diz se é valor típico ou mínimo de especificação); outra forma, só para registo: fio recozido 50 % (Fort Wayne, valor típico, https://fwmetals.com/what-we-do/materials/high-performance-alloys/l-605-alloy); intervalo anterior: 40-50 % (incluía o fio); valor anterior: 50-55 % (Hanawa 2009)",40.0,Verificado (fornecedor),
Stent vascular,Estrutura do stent,Co-Cr L605,ASTM F90,Metal,Clínico,Densidade,g/cm³,9.07,9.27,"Lamineries Matthey, ficha Alloy L-605 v26E (fita); Haynes International, HAYNES 25",https://www.matthey.ch/fileadmin/user_upload/downloads/fichetechnique/EN/Alloy_L-605_v26E.pdf,"mín.: 9,07 g/cm³ (Haynes, HAYNES 25, https://haynesintl.com/en/alloys/alloy-portfolio/high-temperature-alloys/haynes-25/); típico e máx.: 9,27 g/cm³ (Matthey, fita); valor anterior: 9,1 g/cm³ (Hanawa T. J Artif Organs 2009;12:73-79)",9.27,Verificado (fornecedor),
Stent vascular,Estrutura do stent,Co-Cr L605,ASTM F90,Metal,Clínico,Espessura típica de strut,µm,81.0,81.0,Macaya-Ten F et al. REC Interv Cardiol 2024 (Tabela 3); Brami P et al. J Clin Med 2023,https://doi.org/10.24875/RECICE.M24000463,"XIENCE V / MULTI-LINK VISION: 81 µm; revisões (Brami 2023; Macaya-Ten 2024) que citam o fabricante; espessura de strut = propriedade do dispositivo, não do material; material L-605 confirmado no FDA SSED P070015 (https://www.accessdata.fda.gov/cdrh_docs/pdf7/P070015b.pdf); Brami 2023: https://doi.org/10.3390/jcm12216711; valor anterior: 60-90 µm (Hanawa 2009)",81.0,Verificado,
Stent vascular,Estrutura do stent,Co-Cr L605,ASTM F90,Metal,Clínico,Tempo de reabsorção,meses,,,Hanawa T. J Artif Organs 2009;12:73-79 (metais para stents),,Permanente: só entra no cenário B como 'não reabsorve',,A verificar,
Stent vascular,Estrutura do stent,Co-Cr L605,ASTM F90,Metal,Clínico,Tipo de expansão,-,,,,,Categórico: balão ou autoexpansível,,A verificar,balão
Stent vascular,Estrutura do stent,Co-Ni-Cr-Mo MP35N,ASTM F562,Metal,Clínico,Módulo de Young,GPa,233.0,233.0,Hanawa T. J Artif Organs 2009;12:73-79 (metais para stents),,Slides: F562,233.0,A verificar,
Stent vascular,Estrutura do stent,Co-Ni-Cr-Mo MP35N,ASTM F562,Metal,Clínico,Tensão de cedência,MPa,410.0,415.0,Hanawa T. J Artif Organs 2009;12:73-79 (metais para stents),,,412.5,A verificar,
Stent vascular,Estrutura do stent,Co-Ni-Cr-Mo MP35N,ASTM F562,Metal,Clínico,Resistência à tração,MPa,965.0,965.0,"K-Tube, MP35N Technical Data Sheet (tubo miniatura para stents); Ulbrich, MP35N Wire UNS R30035 (fio, declara ASTM F562)",https://www.k-tube.com/wp-content/uploads/2025/12/MP35N-K-Tube-Technical-Data-Sheet.pdf,"regra da forma: mín. e máx. só com a forma do dispositivo (tubo ou fita; stents cortados a laser de tubo); valor único nessa forma, ±10 % no Monte Carlo; tubo recozido 140 ksi = 965 MPa (K-Tube; conversão 1 ksi = 6,895 MPa); outra forma, só para registo: fio 931 MPa (Ulbrich, https://www.ulbrich.com/uploads/data-sheets/MP35N-Wire-UNS-R30035.pdf); intervalo anterior: 931-965 MPa (incluía o fio); valor anterior: 930-960 MPa (Hanawa T. J Artif Organs 2009;12:73-79)",965.0,Verificado (fornecedor),
Stent vascular,Estrutura do stent,Co-Ni-Cr-Mo MP35N,ASTM F562,Metal,Clínico,Alongamento na rotura,%,40.0,40.0,"K-Tube, MP35N Technical Data Sheet (tubo miniatura para stents); Ulbrich, MP35N Wire UNS R30035 (fio, declara ASTM F562)",https://www.k-tube.com/wp-content/uploads/2025/12/MP35N-K-Tube-Technical-Data-Sheet.pdf,"regra da forma: mín. e máx. só com a forma do dispositivo (tubo ou fita; stents cortados a laser de tubo); valor único nessa forma, ±10 % no Monte Carlo; tubo recozido 40 % (K-Tube, tabela ""Possible Mechanical Properties"": não diz se é típico ou mínimo); outra forma, só para registo: fio recozido 70 % (Ulbrich, valor típico, https://www.ulbrich.com/uploads/data-sheets/MP35N-Wire-UNS-R30035.pdf); intervalo anterior: 40-70 % (incluía o fio); valor anterior: 45 % (Hanawa 2009)",40.0,Verificado (fornecedor),
Stent vascular,Estrutura do stent,Co-Ni-Cr-Mo MP35N,ASTM F562,Metal,Clínico,Densidade,g/cm³,8.43,8.43,"Ulbrich, MP35N Wire UNS R30035 (declara ASTM F562)",https://www.ulbrich.com/uploads/data-sheets/MP35N-Wire-UNS-R30035.pdf,"valor anterior: 8,4 g/cm³ (Hanawa T. J Artif Organs 2009;12:73-79)",8.43,Verificado (fornecedor),
Stent vascular,Estrutura do stent,Co-Ni-Cr-Mo MP35N,ASTM F562,Metal,Clínico,Espessura típica de strut,µm,90.0,91.0,Brami P et al. J Clin Med 2023; Macaya-Ten F et al. REC Interv Cardiol 2024 (Tabela 3),https://doi.org/10.3390/jcm12216711,"Resolute Integrity 90 µm (Brami 2023); Driver 91 µm (Macaya-Ten 2024); revisões (Brami 2023; Macaya-Ten 2024) que citam o fabricante; espessura de strut = propriedade do dispositivo, não do material; MP35N no Resolute Integrity confirmado no FDA SSED P110013 (https://www.accessdata.fda.gov/cdrh_docs/pdf11/P110013b.pdf); valor anterior: 60-90 µm (Hanawa 2009)",90.0,Verificado,
Stent vascular,Estrutura do stent,Co-Ni-Cr-Mo MP35N,ASTM F562,Metal,Clínico,Tempo de reabsorção,meses,,,Hanawa T. J Artif Organs 2009;12:73-79 (metais para stents),,Permanente: só entra no cenário B como 'não reabsorve',,A verificar,
Stent vascular,Estrutura do stent,Co-Ni-Cr-Mo MP35N,ASTM F562,Metal,Clínico,Tipo de expansão,-,,,,,Categórico: balão ou autoexpansível,,A verificar,balão
Stent vascular,Estrutura do stent,Pt-Cr,-,Metal,Clínico,Módulo de Young,GPa,203.0,203.0,Hanawa T. J Artif Organs 2009;12:73-79 (metais para stents),,"Alta radiopacidade; fontes secundárias, valor ainda não confirmado na fonte original: Huibregtse & Granada 2011 (Cardiac Interventions Today); Samant 2021 (Sci Rep, suplemento)",203.0,A verificar,
Stent vascular,Estrutura do stent,Pt-Cr,-,Metal,Clínico,Tensão de cedência,MPa,480.0,480.0,"O'Brien BJ, Stinson JS, Larsen SR, Eppihimer MJ, Carroll WM. A platinum-chromium steel for cardiovascular stents. Biomaterials 2010;31:3755-3761",https://doi.org/10.1016/j.biomaterials.2010.01.146,só resumo; valor anterior: 480 MPa (Hanawa T. J Artif Organs 2009;12:73-79),480.0,Verificado,
Stent vascular,Estrutura do stent,Pt-Cr,-,Metal,Clínico,Resistência à tração,MPa,834.0,834.0,Hanawa T. J Artif Organs 2009;12:73-79 (metais para stents),,"fontes secundárias, valor ainda não confirmado na fonte original: Huibregtse & Granada 2011 (Cardiac Interventions Today); Samant 2021 (Sci Rep, suplemento)",834.0,A verificar,
Stent vascular,Estrutura do stent,Pt-Cr,-,Metal,Clínico,Alongamento na rotura,%,45.0,45.0,Hanawa T. J Artif Organs 2009;12:73-79 (metais para stents),,"fontes secundárias, valor ainda não confirmado na fonte original: Huibregtse & Granada 2011 (Cardiac Interventions Today); Samant 2021 (Sci Rep, suplemento)",45.0,A verificar,
Stent vascular,Estrutura do stent,Pt-Cr,-,Metal,Clínico,Densidade,g/cm³,9.9,9.9,Allocco DJ et al. Trials 2010;11:1 (PMC2826324),https://doi.org/10.1186/1745-6215-11-1,"valor anterior: 9,9 g/cm³ (Hanawa T. J Artif Organs 2009;12:73-79)",9.9,Verificado,
Stent vascular,Estrutura do stent,Pt-Cr,-,Metal,Clínico,Espessura típica de strut,µm,74.0,81.0,"Boston Scientific, SYNERGY Product Spec Sheet",https://www.bostonscientific.com/content/dam/bostonscientific/Interventional%20Cardiology/portfolio-group/Stents/Synergy/legacy-resource-center/SYNERGY-Product-Spec-Sheet.pdf,"ficha do fabricante do dispositivo: 74 µm (2,25-2,75 mm), 79 µm (3,00-3,50 mm), 81 µm (4,00 mm); típico = 3,00-3,50 mm; valor anterior: 74-81 µm (Hanawa 2009)",79.0,Verificado (fornecedor),
Stent vascular,Estrutura do stent,Pt-Cr,-,Metal,Clínico,Tempo de reabsorção,meses,,,Hanawa T. J Artif Organs 2009;12:73-79 (metais para stents),,Permanente: só entra no cenário B como 'não reabsorve',,A verificar,
Stent vascular,Estrutura do stent,Pt-Cr,-,Metal,Clínico,Tipo de expansão,-,,,,,Categórico: balão ou autoexpansível,,A verificar,balão
Stent vascular,Estrutura do stent,Nitinol (autoexpansível),ASTM F2063,Metal (superelástico),Excluído (autoexpansível: só discussão),Módulo de Young,GPa,40.0,75.0,Hanawa T. J Artif Organs 2009;12:73-79 (metais para stents),,Outra classe de dispositivo: 'tensão de cedência' = patamar superelástico,57.5,A verificar,
Stent vascular,Estrutura do stent,Nitinol (autoexpansível),ASTM F2063,Metal (superelástico),Excluído (autoexpansível: só discussão),Tensão de cedência,MPa,350.0,600.0,Hanawa T. J Artif Organs 2009;12:73-79 (metais para stents),,,475.0,A verificar,
Stent vascular,Estrutura do stent,Nitinol (autoexpansível),ASTM F2063,Metal (superelástico),Excluído (autoexpansível: só discussão),Resistência à tração,MPa,1070.0,1300.0,Hanawa T. J Artif Organs 2009;12:73-79 (metais para stents),,,1185.0,A verificar,
Stent vascular,Estrutura do stent,Nitinol (autoexpansível),ASTM F2063,Metal (superelástico),Excluído (autoexpansível: só discussão),Alongamento na rotura,%,10.0,15.0,Hanawa T. J Artif Organs 2009;12:73-79 (metais para stents),,,12.5,A verificar,
Stent vascular,Estrutura do stent,Nitinol (autoexpansível),ASTM F2063,Metal (superelástico),Excluído (autoexpansível: só discussão),Densidade,g/cm³,6.45,6.45,Hanawa T. J Artif Organs 2009;12:73-79 (metais para stents),,,6.45,A verificar,
Stent vascular,Estrutura do stent,Nitinol (autoexpansível),ASTM F2063,Metal (superelástico),Excluído (autoexpansível: só discussão),Espessura típica de strut,µm,100.0,150.0,Hanawa T. J Artif Organs 2009;12:73-79 (metais para stents),,,125.0,A verificar,
Stent vascular,Estrutura do stent,Nitinol (autoexpansível),ASTM F2063,Metal (superelástico),Excluído (autoexpansível: só discussão),Tempo de reabsorção,meses,,,Hanawa T. J Artif Organs 2009;12:73-79 (metais para stents),,Permanente: só entra no cenário B como 'não reabsorve',,A verificar,
Stent vascular,Estrutura do stent,Nitinol (autoexpansível),ASTM F2063,Metal (superelástico),Excluído (autoexpansível: só discussão),Tipo de expansão,-,,,,,Categórico: balão ou autoexpansível,,A verificar,autoexpansível
Stent vascular,Estrutura do stent,Liga de Mg WE43 (bioabsorvível),-,Metal biodegradável,Clínico (Magmaris),Módulo de Young,GPa,44.0,45.0,Witte F. Acta Biomater 2010;6:1680-1692 (Mg),,Reabsorção ~12 meses (BIOSOLVE-II: Haude 2016),44.5,A verificar,
Stent vascular,Estrutura do stent,Liga de Mg WE43 (bioabsorvível),-,Metal biodegradável,Clínico (Magmaris),Tensão de cedência,MPa,150.0,195.0,Witte F. Acta Biomater 2010;6:1680-1692 (Mg),,,172.5,A verificar,
Stent vascular,Estrutura do stent,Liga de Mg WE43 (bioabsorvível),-,Metal biodegradável,Clínico (Magmaris),Resistência à tração,MPa,220.0,280.0,Witte F. Acta Biomater 2010;6:1680-1692 (Mg),,,250.0,A verificar,
Stent vascular,Estrutura do stent,Liga de Mg WE43 (bioabsorvível),-,Metal biodegradável,Clínico (Magmaris),Alongamento na rotura,%,10.0,17.0,Witte F. Acta Biomater 2010;6:1680-1692 (Mg),,,13.5,A verificar,
Stent vascular,Estrutura do stent,Liga de Mg WE43 (bioabsorvível),-,Metal biodegradável,Clínico (Magmaris),Densidade,g/cm³,1.84,1.84,Witte F. Acta Biomater 2010;6:1680-1692 (Mg),,,1.84,A verificar,
Stent vascular,Estrutura do stent,Liga de Mg WE43 (bioabsorvível),-,Metal biodegradável,Clínico (Magmaris),Espessura típica de strut,µm,120.0,150.0,"Rapetto C, Leoncini M. J Thorac Dis 2017 (Tabela 1); Seguchi M et al. EuroIntervention 2023;19:e167",https://doi.org/10.21037/jtd.2017.06.34,"Magmaris: 120 µm (2,5 mm) e 150 µm (3,0-3,5 mm) (Rapetto 2017, revisão); 150 µm no Magmaris de 3,0 mm (Seguchi 2023, estudo pré-clínico, https://doi.org/10.4244/EIJ-D-22-00718); típico = ponto médio; valor anterior: 120-150 µm (Witte 2010)",135.0,Verificado,
Stent vascular,Estrutura do stent,Liga de Mg WE43 (bioabsorvível),-,Metal biodegradável,Clínico (Magmaris),Tempo de reabsorção,meses,12.0,24.0,"Joner M et al. EuroIntervention 2018 (DREAMS 2G/Magmaris, porco); Seguchi M et al. EuroIntervention 2023;19:e167 (pré-clínico, mini-porcos)",https://doi.org/10.4244/EIJ-D-17-00708,"modelo animal; todas as fontes são animais; ~1 ano ≈ 95 % reabsorvido (Joner 2018: 94,8 % a 1 ano, só resumo; Seguchi 2023: ""approximately 1 year"", https://doi.org/10.4244/EIJ-D-22-00718), 2 anos = substituição completa por fosfato de cálcio (Joner 2018); para coerência com o PLLA (reabsorção completa, 36 meses), o típico é o ponto médio; valor anterior: 9-12 meses (Haude 2016, BIOSOLVE-II)",18.0,Verificado,
Stent vascular,Estrutura do stent,Liga de Mg WE43 (bioabsorvível),-,Metal biodegradável,Clínico (Magmaris),Tipo de expansão,-,,,,,Categórico: balão ou autoexpansível,,A verificar,balão
Stent vascular,Estrutura do stent,PLLA (bioabsorvível),-,Polímero biodegradável,"Descontinuado (Absorb, 2017)",Módulo de Young,GPa,3.1,3.6,Ensaios ABSORB / comunicação FDA 2017 (Absorb BVS),,Trombose tardia do scaffold; struts ~157 µm,3.35,A verificar,
Stent vascular,Estrutura do stent,PLLA (bioabsorvível),-,Polímero biodegradável,"Descontinuado (Absorb, 2017)",Tensão de cedência,MPa,50.0,70.0,Ensaios ABSORB / comunicação FDA 2017 (Absorb BVS),,,60.0,A verificar,
Stent vascular,Estrutura do stent,PLLA (bioabsorvível),-,Polímero biodegradável,"Descontinuado (Absorb, 2017)",Resistência à tração,MPa,60.0,70.0,Ensaios ABSORB / comunicação FDA 2017 (Absorb BVS),,,65.0,A verificar,
Stent vascular,Estrutura do stent,PLLA (bioabsorvível),-,Polímero biodegradável,"Descontinuado (Absorb, 2017)",Alongamento na rotura,%,2.0,6.0,Ensaios ABSORB / comunicação FDA 2017 (Absorb BVS),,,4.0,A verificar,
Stent vascular,Estrutura do stent,PLLA (bioabsorvível),-,Polímero biodegradável,"Descontinuado (Absorb, 2017)",Densidade,g/cm³,1.25,1.29,Ensaios ABSORB / comunicação FDA 2017 (Absorb BVS),,,1.27,A verificar,
Stent vascular,Estrutura do stent,PLLA (bioabsorvível),-,Polímero biodegradável,"Descontinuado (Absorb, 2017)",Espessura típica de strut,µm,150.0,160.0,Ensaios ABSORB / comunicação FDA 2017 (Absorb BVS),,,155.0,A verificar,
Stent vascular,Estrutura do stent,PLLA (bioabsorvível),-,Polímero biodegradável,"Descontinuado (Absorb, 2017)",Tempo de reabsorção,meses,36.0,48.0,FDA SSED PMA P150023 (Absorb GT1); Gogas BD et al. Int J Cardiovasc Imaging 2012,https://www.accessdata.fda.gov/cdrh_docs/pdf15/P150023B.pdf,"modelo animal (porco): ""complete scaffold resorption by approximately 36 months"" (SSED, estudos até 42 meses); ""At 3 and 4 years ... complete polymer resorption"" (Gogas 2012, https://doi.org/10.1007/s10554-011-9860-z); sem fonte humana; valor anterior: 36-48 meses (Ensaios ABSORB / comunicação FDA 2017)",42.0,Verificado,
Stent vascular,Estrutura do stent,PLLA (bioabsorvível),-,Polímero biodegradável,"Descontinuado (Absorb, 2017)",Tipo de expansão,-,,,,,Categórico: balão ou autoexpansível,,A verificar,balão
Scaffold (regeneração óssea),Scaffold poroso,PCL,-,Polímero,Clínico (uso limitado),Resistência à compressão (scaffold),MPa,2.0,10.0,"Woodruff MA, Hutmacher DW. Prog Polym Sci 2010;35:1217-1256 (PCL)",,Muito dependente da geometria/porosidade: registar a porosidade do estudo de onde vem o valor; Estatuto [confirmar]: Woodruff & Hutmacher 2010,6.0,A verificar,
Scaffold (regeneração óssea),Scaffold poroso,PCL,-,Polímero,Clínico (uso limitado),Módulo de compressão (scaffold),MPa,20.0,80.0,"Woodruff MA, Hutmacher DW. Prog Polym Sci 2010;35:1217-1256 (PCL)",,Muito dependente da geometria/porosidade: registar a porosidade do estudo de onde vem o valor; Estatuto [confirmar]: Woodruff & Hutmacher 2010,50.0,A verificar,
Scaffold (regeneração óssea),Scaffold poroso,PCL,-,Polímero,Clínico (uso limitado),Porosidade,%,48.0,77.0,Zein I et al. Biomaterials 2002;23:1169-1185; Hutmacher DW et al. J Biomed Mater Res 2001;55:203-216,https://doi.org/10.1016/s0142-9612(01)00232-0,"FDM de PCL: 48-77 % (Zein 2002); 61 ± 1 % (Hutmacher 2001); só resumo nos dois; valor anterior: 50-80 % (Karageorgiou V, Kaplan D. Biomaterials 2005;26); Estatuto [confirmar]: Woodruff & Hutmacher 2010",61.0,Verificado,
Scaffold (regeneração óssea),Scaffold poroso,PCL,-,Polímero,Clínico (uso limitado),Tempo de degradação,meses,24.0,36.0,"Woodruff MA, Hutmacher DW. Prog Polym Sci 2010;35:1217-1256 (PCL)",,Estatuto [confirmar]: Woodruff & Hutmacher 2010,30.0,A verificar,
Scaffold (regeneração óssea),Scaffold poroso,PCL,-,Polímero,Clínico (uso limitado),Bioatividade (ordinal 1-5),-,1.0,1.0,Escala ordinal definida no trabalho (rubrica em LEIA-ME): justificar com literatura,,Estatuto [confirmar]: Woodruff & Hutmacher 2010,1.0,A verificar,
Scaffold (regeneração óssea),Scaffold poroso,PCL,-,Polímero,Clínico (uso limitado),Imprimibilidade 3D (ordinal 1-5),-,5.0,5.0,Escala ordinal definida no trabalho (rubrica em LEIA-ME): justificar com literatura,,Estatuto [confirmar]: Woodruff & Hutmacher 2010,5.0,A verificar,
Scaffold (regeneração óssea),Scaffold poroso,PLLA,-,Polímero,Investigação,Resistência à compressão (scaffold),MPa,1.0,10.0,Karanth D et al. Clin Exp Dent Res 2023;9:398-408,https://doi.org/10.1002/cre2.712,"definido como scaffold impresso ou extrudido (filamentos densos), não espuma: 5,06 ± 1,48 MPa a 73 % de porosidade (Karanth 2023, FDM, texto completo); uma só fonte; o intervalo 1-10 MPa vem do valor anterior; valor anterior: 1-10 MPa (Rezwan K et al. Biomaterials 2006;27); Muito dependente da geometria/porosidade: registar a porosidade do estudo de onde vem o valor; Estatuto [confirmar]: Rezwan et al. 2006; uso clínico noutras formas (fixação)",5.0,Verificado,
Scaffold (regeneração óssea),Scaffold poroso,PLLA,-,Polímero,Investigação,Módulo de compressão (scaffold),MPa,50.0,300.0,Karanth D et al. Clin Exp Dent Res 2023;9:398-408; Yin HM et al. Polymers 2016;8:213,https://doi.org/10.1002/cre2.712,"definido como scaffold impresso ou extrudido (filamentos densos), não espuma: 244 MPa a 73 % de porosidade (Karanth 2023, FDM); 86-207 MPa a 66-81 % (Yin 2016, extrusão e lixiviação, https://doi.org/10.3390/polym8060213; o artigo diz PLA sem indicar o grau); texto completo nos dois; espumas por separação de fases ou lixiviação de sal têm 3-35 MPa e ficam de fora; fonte anterior: Rezwan 2006; Muito dependente da geometria/porosidade: registar a porosidade do estudo de onde vem o valor; Estatuto [confirmar]: Rezwan et al. 2006; uso clínico noutras formas (fixação)",175.0,Verificado,
Scaffold (regeneração óssea),Scaffold poroso,PLLA,-,Polímero,Investigação,Porosidade,%,60.0,90.0,"Lu L et al. Biomaterials 2000;21:1595-1605; Budyanto L, Goh YQ, Ooi CP. J Mater Sci Mater Med 2009;20:105-111; Ghosh S et al. J Mater Sci Mater Med 2007;18:185-193",https://doi.org/10.1016/S0142-9612(00)00048-X,"só resumo (as três fontes): 67-91 % por lixiviação de sal (Lu 2000); 80-90 % por separação de fases (Budyanto 2009, https://doi.org/10.1007/s10856-008-3545-8); 76-86 % por moldação com dois porogénios (Ghosh 2007, https://doi.org/10.1007/s10856-006-0680-y); o mínimo de 60 % não tem fonte; fonte anterior: Karageorgiou & Kaplan 2005; Estatuto [confirmar]: Rezwan et al. 2006; uso clínico noutras formas (fixação)",75.0,Verificado,
Scaffold (regeneração óssea),Scaffold poroso,PLLA,-,Polímero,Investigação,Tempo de degradação,meses,24.0,60.0,Bos RRM et al. Biomaterials 1991;12:32-36; Bergsma JE et al. Biomaterials 1995;16:25-31,https://doi.org/10.1016/0142-9612(91)90128-w,"dados de PLLA maciço (Bos 1991, rato, reabsorção não completa aos 3 anos; Bergsma 1995, humanos, partículas ainda presentes aos 5,7 anos, https://doi.org/10.1016/0142-9612(95)91092-d; só resumo nos dois); o scaffold poroso pode degradar-se mais depressa; típico = ponto médio; valor anterior: 18-36 meses (Rezwan K et al. Biomaterials 2006;27); Estatuto [confirmar]: Rezwan et al. 2006; uso clínico noutras formas (fixação)",42.0,Verificado,
Scaffold (regeneração óssea),Scaffold poroso,PLLA,-,Polímero,Investigação,Bioatividade (ordinal 1-5),-,1.0,1.0,Escala ordinal definida no trabalho (rubrica em LEIA-ME): justificar com literatura,,Estatuto [confirmar]: Rezwan et al. 2006; uso clínico noutras formas (fixação),1.0,A verificar,
Scaffold (regeneração óssea),Scaffold poroso,PLLA,-,Polímero,Investigação,Imprimibilidade 3D (ordinal 1-5),-,4.0,4.0,Escala ordinal definida no trabalho (rubrica em LEIA-ME): justificar com literatura,,Estatuto [confirmar]: Rezwan et al. 2006; uso clínico noutras formas (fixação),4.0,A verificar,
Scaffold (regeneração óssea),Scaffold poroso,PLGA 50:50,-,Polímero,Investigação,Resistência à compressão (scaffold),MPa,0.5,3.0,Rezwan K et al. Biomaterials 2006;27:3413-3431 (scaffolds ósseos),,Muito dependente da geometria/porosidade: registar a porosidade do estudo de onde vem o valor; Estatuto [confirmar]: Athanasiou et al. 1996; uso clínico noutras formas,1.75,A verificar,
Scaffold (regeneração óssea),Scaffold poroso,PLGA 50:50,-,Polímero,Investigação,Módulo de compressão (scaffold),MPa,10.0,60.0,Rezwan K et al. Biomaterials 2006;27:3413-3431 (scaffolds ósseos),,Muito dependente da geometria/porosidade: registar a porosidade do estudo de onde vem o valor; Estatuto [confirmar]: Athanasiou et al. 1996; uso clínico noutras formas,35.0,A verificar,
Scaffold (regeneração óssea),Scaffold poroso,PLGA 50:50,-,Polímero,Investigação,Porosidade,%,73.0,87.0,Lu L et al. Biomaterials 2000;21:1837-1845,https://doi.org/10.1016/s0142-9612(00)00047-8,"espumas por lixiviação de sal: 73, 84 e 87 % (Lu 2000, só resumo); típico = ponto médio; valor anterior: 70-90 % (Karageorgiou V, Kaplan D. Biomaterials 2005;26); Estatuto [confirmar]: Athanasiou et al. 1996; uso clínico noutras formas",80.0,Verificado,
Scaffold (regeneração óssea),Scaffold poroso,PLGA 50:50,-,Polímero,Investigação,Tempo de degradação,meses,1.0,3.0,Rezwan K et al. Biomaterials 2006;27:3413-3431 (scaffolds ósseos),,Estatuto [confirmar]: Athanasiou et al. 1996; uso clínico noutras formas,2.0,A verificar,
Scaffold (regeneração óssea),Scaffold poroso,PLGA 50:50,-,Polímero,Investigação,Bioatividade (ordinal 1-5),-,1.0,1.0,Escala ordinal definida no trabalho (rubrica em LEIA-ME): justificar com literatura,,Estatuto [confirmar]: Athanasiou et al. 1996; uso clínico noutras formas,1.0,A verificar,
Scaffold (regeneração óssea),Scaffold poroso,PLGA 50:50,-,Polímero,Investigação,Imprimibilidade 3D (ordinal 1-5),-,3.0,3.0,Escala ordinal definida no trabalho (rubrica em LEIA-ME): justificar com literatura,,Estatuto [confirmar]: Athanasiou et al. 1996; uso clínico noutras formas,3.0,A verificar,
Scaffold (regeneração óssea),Scaffold poroso,Hidroxiapatite (HA) porosa,-,Cerâmico,Clínico (substituto ósseo),Resistência à compressão (scaffold),MPa,1.6,22.5,"Liang H et al. Int J Bioprint 2022;8(1):502; Zhang P, Zhou Q, He R. Materials 2024;17:6092 (Tabela 1)",https://doi.org/10.18063/ijb.v8i1.502,"regra da porosidade (típico da HA: 65 %, janela 55-75 %): a ~70 % de porosidade, 3,4 MPa (BCC), 5,9 MPa (TPMS-P) e 22,5 MPa (poros cúbicos), DLP e sinterização a 1250 °C (Liang 2022, texto completo); a 60 %, 1,59-3,32 MPa (Zhang 2024, Tabela 1, texto completo, https://doi.org/10.3390/ma17246092); típico = estrutura BCC a ~70 %; de fora: 0,09-0,50 MPa a 80 % e 12,1-19,2 MPa a 40 % (Zhang 2024); são redes impressas, não espumas; valor anterior: 2-20 MPa (Rezwan K et al. Biomaterials 2006;27); Muito dependente da geometria/porosidade: registar a porosidade do estudo de onde vem o valor; Estatuto [confirmar]: Rezwan et al. 2006; Bose et al. 2012; base 510(k) da FDA",3.4,Verificado,
Scaffold (regeneração óssea),Scaffold poroso,Hidroxiapatite (HA) porosa,-,Cerâmico,Clínico (substituto ósseo),Módulo de compressão (scaffold),MPa,500.0,3000.0,Rezwan K et al. Biomaterials 2006;27:3413-3431 (scaffolds ósseos),,Muito dependente da geometria/porosidade: registar a porosidade do estudo de onde vem o valor; Estatuto [confirmar]: Rezwan et al. 2006; Bose et al. 2012; base 510(k) da FDA,1750.0,A verificar,
Scaffold (regeneração óssea),Scaffold poroso,Hidroxiapatite (HA) porosa,-,Cerâmico,Clínico (substituto ósseo),Porosidade,%,55.0,80.0,FDA 510(k) K023998 (Tabela 1: Pro Osteon 200); Hoogendoorn HA et al. Clin Orthop Relat Res 1984;187:281-288,https://www.accessdata.fda.gov/cdrh_docs/pdf2/K023998.pdf,"Pro Osteon 200 (HA coralina): porosidade 57 %, resistência à compressão 5,8 MPa (4-10 MPa), conferido no PDF do 510(k); blocos sinterizados com 56 % de macroporosidade (Hoogendoorn 1984, só resumo); o típico de 65 % e o máximo de 80 % não têm fonte própria; valor anterior: 50-80 % (Karageorgiou V, Kaplan D. Biomaterials 2005;26); Estatuto [confirmar]: Rezwan et al. 2006; Bose et al. 2012; base 510(k) da FDA",65.0,Verificado (fornecedor),
Scaffold (regeneração óssea),Scaffold poroso,Hidroxiapatite (HA) porosa,-,Cerâmico,Clínico (substituto ósseo),Tempo de degradação,meses,42.0,60.0,Hoogendoorn HA et al. Clin Orthop Relat Res 1984;187:281-288; Oonishi H et al. J Biomed Mater Res 2000;51:37-46,https://doi.org/10.1097/00003086-198407000-00043,"não reabsorvível; valor de modelação, como a opção O2 do stent: mínimo 42 meses (sem reabsorção mensurável em 3,5 anos, cão, blocos com 56 % de macroporosidade, Hoogendoorn 1984; ""not resorbed at all"", coelho, Oonishi 2000; só resumo nos dois); máximo e típico = pior valor observado nos outros materiais do scaffold (60 meses, PLLA); valor anterior: 24-60 meses (Rezwan K et al. Biomaterials 2006;27); Estatuto [confirmar]: Rezwan et al. 2006; Bose et al. 2012; base 510(k) da FDA",60.0,Verificado,
Scaffold (regeneração óssea),Scaffold poroso,Hidroxiapatite (HA) porosa,-,Cerâmico,Clínico (substituto ósseo),Bioatividade (ordinal 1-5),-,4.0,4.0,Grandfield K et al. J R Soc Interface 2010;7:1497-1501; rubrica segundo a classificação de Hench (LEIA-ME),https://doi.org/10.1098/rsif.2010.0213,"nota 4 pela rubrica (classe B de Hench, osteocondutor com ligação ao osso): scaffold de HA porosa em mandíbula humana, apatite precipitada na interface (Grandfield 2010; página de texto completo lida por extração automática, confirmar no PDF); Estatuto [confirmar]: Rezwan et al. 2006; Bose et al. 2012; base 510(k) da FDA",4.0,Verificado,
Scaffold (regeneração óssea),Scaffold poroso,Hidroxiapatite (HA) porosa,-,Cerâmico,Clínico (substituto ósseo),Imprimibilidade 3D (ordinal 1-5),-,2.0,2.0,Escala ordinal definida no trabalho (rubrica em LEIA-ME): justificar com literatura,,Estatuto [confirmar]: Rezwan et al. 2006; Bose et al. 2012; base 510(k) da FDA,2.0,A verificar,
Scaffold (regeneração óssea),Scaffold poroso,β-TCP poroso,-,Cerâmico,Clínico (substituto ósseo),Resistência à compressão (scaffold),MPa,0.35,7.72,"Montelongo SA et al. J Mater Sci Mater Med 2021;32:94; Xulin H et al. Int J Bioprint 2023;9(2):673; Hashimoto K, Oikawa H, Shibata H. Int J Mol Sci 2024;25:5363",https://doi.org/10.1007/s10856-021-06569-9,"regra da porosidade (típico do β-TCP: 65 %, janela 55-75 %), típico = mediana das três fontes: 7,72 MPa a 59,6 % (Montelongo 2021, impressão 3D e sinterização); 0,35 MPa a 66 % (Xulin 2023, impressão por gel, https://doi.org/10.18063/ijb.v9i2.673); cerca de 2 MPa a ~70 % (Hashimoto 2024, espumação e liofilização, valor aproximado do texto, exato só em figura, https://doi.org/10.3390/ijms25105363); texto completo nas três; de fora: 0,45 MPa a 92 % (Furusawa 2016) e 72 MPa a 35 % (Esslinger 2021); valor anterior: 1-15 MPa (Rezwan K et al. Biomaterials 2006;27); Muito dependente da geometria/porosidade: registar a porosidade do estudo de onde vem o valor; Estatuto [confirmar]: Rezwan et al. 2006; Bose et al. 2012; base 510(k) da FDA",2.0,Verificado,
Scaffold (regeneração óssea),Scaffold poroso,β-TCP poroso,-,Cerâmico,Clínico (substituto ósseo),Módulo de compressão (scaffold),MPa,100.0,1000.0,Rezwan K et al. Biomaterials 2006;27:3413-3431 (scaffolds ósseos),,"uma só fonte na janela de porosidade: 546 MPa a 59,6 % (Montelongo 2021, texto completo, https://doi.org/10.1007/s10856-021-06569-9); o intervalo 100-1000 MPa continua a vir da revisão; Muito dependente da geometria/porosidade: registar a porosidade do estudo de onde vem o valor; Estatuto [confirmar]: Rezwan et al. 2006; Bose et al. 2012; base 510(k) da FDA",550.0,A verificar,
Scaffold (regeneração óssea),Scaffold poroso,β-TCP poroso,-,Cerâmico,Clínico (substituto ósseo),Porosidade,%,65.0,92.0,FDA 510(k) K120152 (Cerasorb Plus); FDA 510(k) K032409 (Vitoss); Furusawa T et al. Int J Implant Dent 2016;2:4,https://fda.innolitics.com/device/K120152,"típico e mín.: Cerasorb Plus em bloco, 65 %; Vitoss cerca de 90 % (https://fda.innolitics.com/device/K032409); máx.: 92 % por espumação e liofilização (Furusawa 2016, Tabela 1, https://doi.org/10.1186/s40729-016-0037-3); o Cerasorb Plus de 35 % fica de fora: outra forma de produto; 510(k) lidos numa cópia de terceiros; valor anterior: 50-80 % (Karageorgiou V, Kaplan D. Biomaterials 2005;26); Estatuto [confirmar]: Rezwan et al. 2006; Bose et al. 2012; base 510(k) da FDA",65.0,Verificado (fornecedor),
Scaffold (regeneração óssea),Scaffold poroso,β-TCP poroso,-,Cerâmico,Clínico (substituto ósseo),Tempo de degradação,meses,6.0,18.0,Rezwan K et al. Biomaterials 2006;27:3413-3431 (scaffolds ósseos),,Estatuto [confirmar]: Rezwan et al. 2006; Bose et al. 2012; base 510(k) da FDA,12.0,A verificar,
Scaffold (regeneração óssea),Scaffold poroso,β-TCP poroso,-,Cerâmico,Clínico (substituto ósseo),Bioatividade (ordinal 1-5),-,4.0,4.0,Kotani S et al. J Biomed Mater Res 1991;25:1303-1315; rubrica segundo a classificação de Hench (LEIA-ME),https://doi.org/10.1002/jbm.820251010,"só resumo: β-TCP denso em tíbia de coelho liga-se ao osso sem camada de apatite (Kotani 1991); nota 4 pela rubrica (classe B, osteocondutor); Estatuto [confirmar]: Rezwan et al. 2006; Bose et al. 2012; base 510(k) da FDA",4.0,Verificado,
Scaffold (regeneração óssea),Scaffold poroso,β-TCP poroso,-,Cerâmico,Clínico (substituto ósseo),Imprimibilidade 3D (ordinal 1-5),-,2.0,2.0,Escala ordinal definida no trabalho (rubrica em LEIA-ME): justificar com literatura,,Estatuto [confirmar]: Rezwan et al. 2006; Bose et al. 2012; base 510(k) da FDA,2.0,A verificar,
Scaffold (regeneração óssea),Scaffold poroso,Vidro bioativo 45S5 poroso,-,Vidro,"Clínico (substituto ósseo, partículas)",Resistência à compressão (scaffold),MPa,0.58,1.1,"Baino F, Fiume E. Materials 2019;12:3244 (Tabela 1)",https://doi.org/10.3390/ma12193244,"regra da porosidade (típico do 45S5: 80 %, janela 70-90 %), típico = mediana dos seis valores da Tabela 1 na janela: 0,58 MPa a 86 %, 0,78 a 82 %, 0,88 a 80 %, 0,95 a 75 %, 0,96 a 71 % e 1,1 a 70 % (Baino e Fiume 2019, espumas por réplica de esponja, texto completo); valor anterior: 0,3-2 MPa (Hench LL. J Am Ceram Soc 1991;74); Muito dependente da geometria/porosidade: registar a porosidade do estudo de onde vem o valor; Estatuto [confirmar]: Hench 1991; scaffold poroso sobretudo investigação",0.915,Verificado,
Scaffold (regeneração óssea),Scaffold poroso,Vidro bioativo 45S5 poroso,-,Vidro,"Clínico (substituto ósseo, partículas)",Módulo de compressão (scaffold),MPa,50.0,500.0,Hench LL. J Am Ceram Soc 1991;74:1487-1510 (vidros bioativos),,"sem fonte primária: Baino e Fiume 2019 dão 1,2-8 GPa, mas é módulo elástico dinâmico (excitação por impulso), não o módulo do ensaio de compressão, por isso não se aplica; Muito dependente da geometria/porosidade: registar a porosidade do estudo de onde vem o valor; Estatuto [confirmar]: Hench 1991; scaffold poroso sobretudo investigação",275.0,A verificar,
Scaffold (regeneração óssea),Scaffold poroso,Vidro bioativo 45S5 poroso,-,Vidro,"Clínico (substituto ósseo, partículas)",Porosidade,%,70.0,90.0,"Karageorgiou V, Kaplan D. Biomaterials 2005;26:5474-5491 (porosidade)",,Estatuto [confirmar]: Hench 1991; scaffold poroso sobretudo investigação,80.0,A verificar,
Scaffold (regeneração óssea),Scaffold poroso,Vidro bioativo 45S5 poroso,-,Vidro,"Clínico (substituto ósseo, partículas)",Tempo de degradação,meses,6.0,24.0,Tadjoedin ES et al. Clin Oral Implants Res 2002;13:428-436; Tadjoedin ES et al. Clin Oral Implants Res 2000;11:334-344,https://doi.org/10.1034/j.1600-0501.2002.130412.x,"partículas, não scaffold (Tadjoedin 2000, 2002): em seio maxilar humano, 8 % do volume de vidro aos 15 meses e desaparecimento aos 16 meses; só resumo; o resumo não diz que o BioGran é 45S5 (a confirmar); valor anterior: 6-12 meses (Hench LL. J Am Ceram Soc 1991;74); Estatuto [confirmar]: Hench 1991; scaffold poroso sobretudo investigação",16.0,Verificado,
Scaffold (regeneração óssea),Scaffold poroso,Vidro bioativo 45S5 poroso,-,Vidro,"Clínico (substituto ósseo, partículas)",Bioatividade (ordinal 1-5),-,5.0,5.0,Escala ordinal definida no trabalho (rubrica em LEIA-ME): justificar com literatura,,Estatuto [confirmar]: Hench 1991; scaffold poroso sobretudo investigação,5.0,A verificar,
Scaffold (regeneração óssea),Scaffold poroso,Vidro bioativo 45S5 poroso,-,Vidro,"Clínico (substituto ósseo, partículas)",Imprimibilidade 3D (ordinal 1-5),-,2.0,2.0,Escala ordinal definida no trabalho (rubrica em LEIA-ME): justificar com literatura,,Estatuto [confirmar]: Hench 1991; scaffold poroso sobretudo investigação,2.0,A verificar,
Scaffold (regeneração óssea),Scaffold poroso,Compósito PCL/β-TCP (impressão 3D),-,Compósito,Clínico (uso limitado),Resistência à compressão (scaffold),MPa,2.2,6.38,Kawai T et al. J Orthop Res 2018;36:1002-1011; Wong WS et al. Cureus 2025;17:e86272,https://doi.org/10.1002/jor.23673,"regra da porosidade (típico do PCL/β-TCP: 70 %, janela 60-80 %), PCL/TCP 80:20 por FDM ou extrusão: a verificar, duas fontes fracas: 2,2 MPa a 59,5 %, no limite inferior da janela (Kawai 2018, texto completo); 6,38 MPa a 70 % (Wong 2025, fonte secundária, https://doi.org/10.7759/cureus.86272); típico = ponto médio; de fora: 27,9 MPa em Wang 2024, que não é tensão de cedência (o Wang 2024 foi retirado de toda a base a 3 out 2026: Editor Note da revista, ver o módulo); valor anterior: 3-12 MPa (Rezwan K et al. Biomaterials 2006;27); Muito dependente da geometria/porosidade: registar a porosidade do estudo de onde vem o valor; Estatuto [confirmar]: fonte clínica a indicar",4.3,A verificar,
Scaffold (regeneração óssea),Scaffold poroso,Compósito PCL/β-TCP (impressão 3D),-,Compósito,Clínico (uso limitado),Módulo de compressão (scaffold),MPa,22.2,51.5,Reichert JC et al. Int Orthop 2011;35:1229-1236; Kawai T et al. J Orthop Res 2018;36:1002-1011,https://doi.org/10.1007/s00264-010-1146-x,"regra da porosidade (típico do PCL/β-TCP: 70 %, janela 60-80 %), PCL/TCP 80:20 por FDM ou extrusão, típico = mediana de três valores: 22,2 MPa a 70,6 % em PBS (Reichert 2011, mPCL-TCP); 51,5 MPa a 59,5 % (Kawai 2018, https://doi.org/10.1002/jor.23673); 23,1 MPa a 70 % (Wong 2025, fonte secundária, https://doi.org/10.7759/cureus.86272); texto completo em todas; retirado a 3 out 2026: 48,2 MPa a 65,1 % (Wang Y et al. Heliyon 2024;10:e26071), porque a revista publicou uma Editor Note sobre o artigo (doi:10.1016/j.heliyon.2025.e44205) cujo conteúdo não foi possível confirmar, e a Tabela 3 dá uma resistência (27,9 MPa) quase igual ao módulo (48,2 MPa), pouco plausível num scaffold poroso; típico anterior: 35,7 MPa (mediana de quatro valores); valor anterior: 30-150 MPa (Rezwan K et al. Biomaterials 2006;27); Muito dependente da geometria/porosidade: registar a porosidade do estudo de onde vem o valor; Estatuto [confirmar]: fonte clínica a indicar",23.1,Verificado,
Scaffold (regeneração óssea),Scaffold poroso,Compósito PCL/β-TCP (impressão 3D),-,Compósito,Clínico (uso limitado),Porosidade,%,60.0,70.0,Sparks DS et al. Sci Adv 2023;9:eadd6071; Nam JH et al. J Periodontal Implant Sci 2023;53:218-232,https://doi.org/10.1126/sciadv.add6071,"regra da forma: especificação dos scaffolds mPCL-TCP (80:20) por FDM, 70 % de porosidade (Sparks 2023; Nam 2023, micro-CT, https://doi.org/10.5051/jpis.2300660033; texto completo nos dois); é valor de especificação repetido em vários artigos, não uma tabela de medições; o mínimo de 60 % vem do valor anterior; valor anterior: 50-70 % (Karageorgiou V, Kaplan D. Biomaterials 2005;26); Estatuto [confirmar]: fonte clínica a indicar",70.0,Verificado,
Scaffold (regeneração óssea),Scaffold poroso,Compósito PCL/β-TCP (impressão 3D),-,Compósito,Clínico (uso limitado),Tempo de degradação,meses,12.0,24.0,Rezwan K et al. Biomaterials 2006;27:3413-3431 (scaffolds ósseos),,"a verificar: as fontes divergem e nenhuma mede a reabsorção completa (Yeo 2008, rato, 24 semanas, Mw -89 %; Lam 2009, coelho, 6 meses, perda de massa de cerca de 7 %; só resumo nos dois); Estatuto [confirmar]: fonte clínica a indicar",18.0,A verificar,
Scaffold (regeneração óssea),Scaffold poroso,Compósito PCL/β-TCP (impressão 3D),-,Compósito,Clínico (uso limitado),Bioatividade (ordinal 1-5),-,3.0,3.0,Bruyas A et al. J Mater Res 2018;33:1948-1959; rubrica segundo a classificação de Hench (LEIA-ME),https://doi.org/10.1557/jmr.2018.112,"nota 3 pela rubrica (compósito com fase bioativa): mais células e mais atividade de ALP com β-TCP, in vitro (Bruyas 2018, FDM com 0-60 % de β-TCP; página de texto completo lida por extração automática); Estatuto [confirmar]: fonte clínica a indicar",3.0,Verificado,
Scaffold (regeneração óssea),Scaffold poroso,Compósito PCL/β-TCP (impressão 3D),-,Compósito,Clínico (uso limitado),Imprimibilidade 3D (ordinal 1-5),-,5.0,5.0,Escala ordinal definida no trabalho (rubrica em LEIA-ME): justificar com literatura,,Estatuto [confirmar]: fonte clínica a indicar,5.0,A verificar,
Scaffold (regeneração óssea),Scaffold poroso,Quitosano/HA (liofilizado),-,Compósito natural,Investigação,Resistência à compressão (scaffold),MPa,0.03,0.06,"Gaihre B, Jayasuriya AC. Mater Sci Eng C 2018;91:330-339",https://doi.org/10.1016/j.msec.2018.05.060,"uma só fonte: 0,050-0,055 MPa seco a 87,5 % nos compósitos e 0,028 MPa no quitosano puro (Gaihre 2018, texto completo; o valor exato do compósito com nHA está só em figura); valor anterior: 0,1-1 MPa (Rezwan K et al. Biomaterials 2006;27); Muito dependente da geometria/porosidade: registar a porosidade do estudo de onde vem o valor; Estatuto [confirmar]: fonte a indicar",0.05,Verificado,
Scaffold (regeneração óssea),Scaffold poroso,Quitosano/HA (liofilizado),-,Compósito natural,Investigação,Módulo de compressão (scaffold),MPa,0.08,0.8,"Gaihre B, Jayasuriya AC. Mater Sci Eng C 2018;91:330-339; Wang H et al. Heliyon 2024;10:e25832",https://doi.org/10.1016/j.msec.2018.05.060,"regra da porosidade (janela 77,5-97,5 %): 0,76 MPa seco a 87,5 % (Gaihre 2018, texto completo); 0,076 MPa hidratado a 89,8 % (Wang 2024, texto completo, https://doi.org/10.1016/j.heliyon.2024.e25832); típico = valor seco; valor anterior: 1-10 MPa (Rezwan K et al. Biomaterials 2006;27); Muito dependente da geometria/porosidade: registar a porosidade do estudo de onde vem o valor; Estatuto [confirmar]: fonte a indicar",0.76,Verificado,
Scaffold (regeneração óssea),Scaffold poroso,Quitosano/HA (liofilizado),-,Compósito natural,Investigação,Porosidade,%,86.9,91.3,"Gaihre B, Jayasuriya AC. Mater Sci Eng C 2018;91:330-339; Wang H et al. Heliyon 2024;10:e25832",https://doi.org/10.1016/j.msec.2018.05.060,"típico: 87,5 ± 11,2 % (Gaihre 2018, quitosano com 40 % de nHA, liofilizado, deslocamento de etanol; texto completo); intervalo: 86,9-91,3 % com 1-4 % de HAp, liofilizado (Wang 2024, Fig. 3a, https://doi.org/10.1016/j.heliyon.2024.e25832); valor anterior: 80-95 % (Karageorgiou V, Kaplan D. Biomaterials 2005;26); Estatuto [confirmar]: fonte a indicar",87.5,Verificado,
Scaffold (regeneração óssea),Scaffold poroso,Quitosano/HA (liofilizado),-,Compósito natural,Investigação,Tempo de degradação,meses,3.0,12.0,Rezwan K et al. Biomaterials 2006;27:3413-3431 (scaffolds ósseos),,"a verificar: só há dados in vitro (perda de massa de 1-4 % num mês com lisozima, Reves 2012, texto completo, https://doi.org/10.3390/jfb3010114); sem tempo de reabsorção in vivo; Estatuto [confirmar]: fonte a indicar",7.5,A verificar,
Scaffold (regeneração óssea),Scaffold poroso,Quitosano/HA (liofilizado),-,Compósito natural,Investigação,Bioatividade (ordinal 1-5),-,3.0,3.0,Escala ordinal definida no trabalho (rubrica em LEIA-ME): justificar com literatura,,Estatuto [confirmar]: fonte a indicar,3.0,A verificar,
Scaffold (regeneração óssea),Scaffold poroso,Quitosano/HA (liofilizado),-,Compósito natural,Investigação,Imprimibilidade 3D (ordinal 1-5),-,2.0,2.0,Bergonzi C et al. Sci Rep 2019;9:362,https://doi.org/10.1038/s41598-018-36613-8,"nota 2 pela rubrica: o material é liofilizado; a impressão de quitosano exige técnica especial (deposição sobre superfície arrefecida e gelificação em banho; Bergonzi 2019, quitosano sem HA, texto completo); Estatuto [confirmar]: fonte a indicar",2.0,Verificado,
Prótese da anca,Haste femoral,Aço inox 316L,ASTM F138,Metal,Clínico,Compatibilidade com RM (ordinal 1-5),-,2.0,2.0,Shellock FG / MRIsafety.com; ASTM F2182 (aquecimento) e F2119 (artefactos): confirmar,,Artefacto marcado em RM,2.0,A verificar,
Prótese da anca,Haste femoral,Co-Cr-Mo forjado,ASTM F799/F1537,Metal,Clínico,Compatibilidade com RM (ordinal 1-5),-,3.0,3.0,Shellock FG / MRIsafety.com; ASTM F2182 (aquecimento) e F2119 (artefactos): confirmar,,Artefacto moderado,3.0,A verificar,
Prótese da anca,Haste femoral,Ti-6Al-4V ELI,ASTM F136,Metal,Clínico,Compatibilidade com RM (ordinal 1-5),-,4.0,4.0,Shellock FG / MRIsafety.com; ASTM F2182 (aquecimento) e F2119 (artefactos): confirmar,,Baixa suscetibilidade magnética; MR-condicional,4.0,A verificar,
Prótese da anca,Haste femoral,Ti cp grau 4,ASTM F67,Metal,Clínico,Compatibilidade com RM (ordinal 1-5),-,4.0,4.0,Shellock FG / MRIsafety.com; ASTM F2182 (aquecimento) e F2119 (artefactos): confirmar,,Idem Ti-6Al-4V,4.0,A verificar,
Prótese da anca,Haste femoral,Ti-13Nb-13Zr,ASTM F1713,Metal,Clínico (uso limitado),Compatibilidade com RM (ordinal 1-5),-,4.0,4.0,Shellock FG / MRIsafety.com; ASTM F2182 (aquecimento) e F2119 (artefactos): confirmar,,Liga de Ti; comportamento esperado semelhante: confirmar,4.0,A verificar,
Prótese da anca,Haste femoral,Ti-35Nb-7Zr-5Ta (TNZT),-,Metal,Investigação,Compatibilidade com RM (ordinal 1-5),-,4.0,4.0,Shellock FG / MRIsafety.com; ASTM F2182 (aquecimento) e F2119 (artefactos): confirmar,,Sem dados clínicos de RM: assumido por analogia,4.0,A verificar,
Prótese da anca,Haste femoral,Aço inox 316L,ASTM F138,Metal,Clínico,"Custo relativo de material e fabrico (1-5, 5 = mais caro)",-,1.0,1.0,Índice relativo de material e fabrico (rubrica no LEIA-ME); não representa preço hospitalar,,,1.0,A verificar,
Prótese da anca,Haste femoral,Co-Cr-Mo forjado,ASTM F799/F1537,Metal,Clínico,"Custo relativo de material e fabrico (1-5, 5 = mais caro)",-,3.0,3.0,Índice relativo de material e fabrico (rubrica no LEIA-ME); não representa preço hospitalar,,,3.0,A verificar,
Prótese da anca,Haste femoral,Ti-6Al-4V ELI,ASTM F136,Metal,Clínico,"Custo relativo de material e fabrico (1-5, 5 = mais caro)",-,3.0,3.0,Índice relativo de material e fabrico (rubrica no LEIA-ME); não representa preço hospitalar,,,3.0,A verificar,
Prótese da anca,Haste femoral,Ti cp grau 4,ASTM F67,Metal,Clínico,"Custo relativo de material e fabrico (1-5, 5 = mais caro)",-,2.0,2.0,Índice relativo de material e fabrico (rubrica no LEIA-ME); não representa preço hospitalar,,,2.0,A verificar,
Prótese da anca,Haste femoral,Ti-13Nb-13Zr,ASTM F1713,Metal,Clínico (uso limitado),"Custo relativo de material e fabrico (1-5, 5 = mais caro)",-,4.0,4.0,Índice relativo de material e fabrico (rubrica no LEIA-ME); não representa preço hospitalar,,Nb e Zr encarecem,4.0,A verificar,
Prótese da anca,Haste femoral,Ti-35Nb-7Zr-5Ta (TNZT),-,Metal,Investigação,"Custo relativo de material e fabrico (1-5, 5 = mais caro)",-,5.0,5.0,Índice relativo de material e fabrico (rubrica no LEIA-ME); não representa preço hospitalar,,Ta e Nb; sem produção industrial,5.0,A verificar,
Prótese da anca,Haste femoral,Aço inox 316L,ASTM F138,Metal,Clínico,Fabricabilidade (ordinal 1-5),-,5.0,5.0,Geetha 2009; Navarro 2008; literatura de fabrico aditivo: confirmar,,Forjamento e maquinagem maduros,5.0,A verificar,
Prótese da anca,Haste femoral,Co-Cr-Mo forjado,ASTM F799/F1537,Metal,Clínico,Fabricabilidade (ordinal 1-5),-,4.0,4.0,Geetha 2009; Navarro 2008; literatura de fabrico aditivo: confirmar,,Difícil de maquinar; fundição/forjamento/AM possíveis,4.0,A verificar,
Prótese da anca,Haste femoral,Ti-6Al-4V ELI,ASTM F136,Metal,Clínico,Fabricabilidade (ordinal 1-5),-,5.0,5.0,Geetha 2009; Navarro 2008; literatura de fabrico aditivo: confirmar,,"Forjamento, maquinagem e fabrico aditivo (SLM/EBM) maduros",5.0,A verificar,
Prótese da anca,Haste femoral,Ti cp grau 4,ASTM F67,Metal,Clínico,Fabricabilidade (ordinal 1-5),-,4.0,4.0,Geetha 2009; Navarro 2008; literatura de fabrico aditivo: confirmar,,,4.0,A verificar,
Prótese da anca,Haste femoral,Ti-13Nb-13Zr,ASTM F1713,Metal,Clínico (uso limitado),Fabricabilidade (ordinal 1-5),-,3.0,3.0,Geetha 2009; Navarro 2008; literatura de fabrico aditivo: confirmar,,Cadeia de fornecimento limitada,3.0,A verificar,
Prótese da anca,Haste femoral,Ti-35Nb-7Zr-5Ta (TNZT),-,Metal,Investigação,Fabricabilidade (ordinal 1-5),-,2.0,2.0,Geetha 2009; Navarro 2008; literatura de fabrico aditivo: confirmar,,Processamento em escala laboratorial,2.0,A verificar,
Prótese da anca,Par articular (cabeça/acetábulo),CoCrMo / UHMWPE convencional (MoP),-,Par tribológico,Clínico,Compatibilidade galvânica cabeça-cone (ordinal 1-5),-,3.0,3.0,Literatura sobre corrosão na junção cabeça-cone (trunnionosis): confirmar,,Cabeça CoCr em cone de Ti: corrosão por fretting documentada,3.0,A verificar,
Prótese da anca,Par articular (cabeça/acetábulo),CoCrMo / HXLPE (MoXLPE),-,Par tribológico,Clínico,Compatibilidade galvânica cabeça-cone (ordinal 1-5),-,3.0,3.0,Literatura sobre corrosão na junção cabeça-cone (trunnionosis): confirmar,,Idem,3.0,A verificar,
Prótese da anca,Par articular (cabeça/acetábulo),ZTA / HXLPE (CoXLPE),-,Par tribológico,Clínico,Compatibilidade galvânica cabeça-cone (ordinal 1-5),-,5.0,5.0,Literatura sobre corrosão na junção cabeça-cone (trunnionosis): confirmar,,Cabeça cerâmica elimina o par galvânico,5.0,A verificar,
Prótese da anca,Par articular (cabeça/acetábulo),ZTA / ZTA (CoC),-,Par tribológico,Clínico,Compatibilidade galvânica cabeça-cone (ordinal 1-5),-,5.0,5.0,Literatura sobre corrosão na junção cabeça-cone (trunnionosis): confirmar,,Idem,5.0,A verificar,
Prótese da anca,Par articular (cabeça/acetábulo),CoCrMo / CoCrMo (MoM),-,Par tribológico,Clínico (abandonado),Compatibilidade galvânica cabeça-cone (ordinal 1-5),-,2.0,2.0,Literatura sobre corrosão na junção cabeça-cone (trunnionosis): confirmar,,Fretting no cone + desgaste metálico na articulação,2.0,A verificar,
Prótese da anca,Par articular (cabeça/acetábulo),CoCrMo / UHMWPE convencional (MoP),-,Par tribológico,Clínico,Compatibilidade com esterilização (ordinal 1-5),-,2.0,2.0,ISO 11137 (radiação) / ISO 11135 (EtO); Kurtz 2016 para UHMWPE: confirmar,,PE convencional esterilizado por gama ao ar → oxidação (histórico),2.0,A verificar,
Prótese da anca,Par articular (cabeça/acetábulo),CoCrMo / HXLPE (MoXLPE),-,Par tribológico,Clínico,Compatibilidade com esterilização (ordinal 1-5),-,4.0,4.0,ISO 11137 (radiação) / ISO 11135 (EtO); Kurtz 2016 para UHMWPE: confirmar,,HXLPE refundido/recozido ou com vitamina E,4.0,A verificar,
Prótese da anca,Par articular (cabeça/acetábulo),ZTA / HXLPE (CoXLPE),-,Par tribológico,Clínico,Compatibilidade com esterilização (ordinal 1-5),-,4.0,4.0,ISO 11137 (radiação) / ISO 11135 (EtO); Kurtz 2016 para UHMWPE: confirmar,,Idem,4.0,A verificar,
Prótese da anca,Par articular (cabeça/acetábulo),ZTA / ZTA (CoC),-,Par tribológico,Clínico,Compatibilidade com esterilização (ordinal 1-5),-,5.0,5.0,ISO 11137 (radiação) / ISO 11135 (EtO); Kurtz 2016 para UHMWPE: confirmar,,Cerâmicos e metais: sem limitações,5.0,A verificar,
Prótese da anca,Par articular (cabeça/acetábulo),CoCrMo / CoCrMo (MoM),-,Par tribológico,Clínico (abandonado),Compatibilidade com esterilização (ordinal 1-5),-,5.0,5.0,ISO 11137 (radiação) / ISO 11135 (EtO); Kurtz 2016 para UHMWPE: confirmar,,Idem,5.0,A verificar,
Prótese da anca,Par articular (cabeça/acetábulo),CoCrMo / UHMWPE convencional (MoP),-,Par tribológico,Clínico,Compatibilidade com RM (ordinal 1-5),-,3.0,3.0,Shellock FG / MRIsafety.com; ASTM F2182 (aquecimento) e F2119 (artefactos): confirmar,,Cabeça CoCr (a haste também conta: ver nota metodológica),3.0,A verificar,
Prótese da anca,Par articular (cabeça/acetábulo),CoCrMo / HXLPE (MoXLPE),-,Par tribológico,Clínico,Compatibilidade com RM (ordinal 1-5),-,3.0,3.0,Shellock FG / MRIsafety.com; ASTM F2182 (aquecimento) e F2119 (artefactos): confirmar,,,3.0,A verificar,
Prótese da anca,Par articular (cabeça/acetábulo),ZTA / HXLPE (CoXLPE),-,Par tribológico,Clínico,Compatibilidade com RM (ordinal 1-5),-,5.0,5.0,Shellock FG / MRIsafety.com; ASTM F2182 (aquecimento) e F2119 (artefactos): confirmar,,,5.0,A verificar,
Prótese da anca,Par articular (cabeça/acetábulo),ZTA / ZTA (CoC),-,Par tribológico,Clínico,Compatibilidade com RM (ordinal 1-5),-,5.0,5.0,Shellock FG / MRIsafety.com; ASTM F2182 (aquecimento) e F2119 (artefactos): confirmar,,,5.0,A verificar,
Prótese da anca,Par articular (cabeça/acetábulo),CoCrMo / CoCrMo (MoM),-,Par tribológico,Clínico (abandonado),Compatibilidade com RM (ordinal 1-5),-,2.0,2.0,Shellock FG / MRIsafety.com; ASTM F2182 (aquecimento) e F2119 (artefactos): confirmar,,Duas superfícies CoCr,2.0,A verificar,
Prótese da anca,Par articular (cabeça/acetábulo),CoCrMo / UHMWPE convencional (MoP),-,Par tribológico,Clínico,"Custo relativo de material e fabrico (1-5, 5 = mais caro)",-,1.0,1.0,Índice relativo de material e fabrico (rubrica no LEIA-ME); não representa preço hospitalar,,,1.0,A verificar,
Prótese da anca,Par articular (cabeça/acetábulo),CoCrMo / HXLPE (MoXLPE),-,Par tribológico,Clínico,"Custo relativo de material e fabrico (1-5, 5 = mais caro)",-,2.0,2.0,Índice relativo de material e fabrico (rubrica no LEIA-ME); não representa preço hospitalar,,,2.0,A verificar,
Prótese da anca,Par articular (cabeça/acetábulo),ZTA / HXLPE (CoXLPE),-,Par tribológico,Clínico,"Custo relativo de material e fabrico (1-5, 5 = mais caro)",-,3.0,3.0,Índice relativo de material e fabrico (rubrica no LEIA-ME); não representa preço hospitalar,,,3.0,A verificar,
Prótese da anca,Par articular (cabeça/acetábulo),ZTA / ZTA (CoC),-,Par tribológico,Clínico,"Custo relativo de material e fabrico (1-5, 5 = mais caro)",-,4.0,4.0,Índice relativo de material e fabrico (rubrica no LEIA-ME); não representa preço hospitalar,,,4.0,A verificar,
Prótese da anca,Par articular (cabeça/acetábulo),CoCrMo / CoCrMo (MoM),-,Par tribológico,Clínico (abandonado),"Custo relativo de material e fabrico (1-5, 5 = mais caro)",-,3.0,3.0,Índice relativo de material e fabrico (rubrica no LEIA-ME); não representa preço hospitalar,,,3.0,A verificar,
Implante dentário,Corpo do implante,Ti cp grau 4,ASTM F67,Metal,Clínico,Compatibilidade com RM (ordinal 1-5),-,4.0,4.0,Shellock FG / MRIsafety.com; ASTM F2182 (aquecimento) e F2119 (artefactos): confirmar,,Artefacto local pequeno,4.0,A verificar,
Implante dentário,Corpo do implante,Ti-6Al-4V ELI,ASTM F136,Metal,Clínico,Compatibilidade com RM (ordinal 1-5),-,4.0,4.0,Shellock FG / MRIsafety.com; ASTM F2182 (aquecimento) e F2119 (artefactos): confirmar,,,4.0,A verificar,
Implante dentário,Corpo do implante,Ti-Zr (~15% Zr),-,Metal,Clínico,Compatibilidade com RM (ordinal 1-5),-,4.0,4.0,Shellock FG / MRIsafety.com; ASTM F2182 (aquecimento) e F2119 (artefactos): confirmar,,,4.0,A verificar,
Implante dentário,Corpo do implante,Zircónia Y-TZP,ISO 13356,Cerâmico,Clínico,Compatibilidade com RM (ordinal 1-5),-,5.0,5.0,Shellock FG / MRIsafety.com; ASTM F2182 (aquecimento) e F2119 (artefactos): confirmar,,Sem artefacto relevante,5.0,A verificar,
Implante dentário,Corpo do implante,PEEK,ASTM F2026,Polímero,Clínico (uso limitado),Compatibilidade com RM (ordinal 1-5),-,5.0,5.0,Shellock FG / MRIsafety.com; ASTM F2182 (aquecimento) e F2119 (artefactos): confirmar,,,5.0,A verificar,
Implante dentário,Corpo do implante,Ti cp grau 4,ASTM F67,Metal,Clínico,"Custo relativo de material e fabrico (1-5, 5 = mais caro)",-,2.0,2.0,Índice relativo de material e fabrico (rubrica no LEIA-ME); não representa preço hospitalar,,,2.0,A verificar,
Implante dentário,Corpo do implante,Ti-6Al-4V ELI,ASTM F136,Metal,Clínico,"Custo relativo de material e fabrico (1-5, 5 = mais caro)",-,2.0,2.0,Índice relativo de material e fabrico (rubrica no LEIA-ME); não representa preço hospitalar,,,2.0,A verificar,
Implante dentário,Corpo do implante,Ti-Zr (~15% Zr),-,Metal,Clínico,"Custo relativo de material e fabrico (1-5, 5 = mais caro)",-,4.0,4.0,Índice relativo de material e fabrico (rubrica no LEIA-ME); não representa preço hospitalar,,Liga proprietária,4.0,A verificar,
Implante dentário,Corpo do implante,Zircónia Y-TZP,ISO 13356,Cerâmico,Clínico,"Custo relativo de material e fabrico (1-5, 5 = mais caro)",-,4.0,4.0,Índice relativo de material e fabrico (rubrica no LEIA-ME); não representa preço hospitalar,,CAD/CAM + sinterização,4.0,A verificar,
Implante dentário,Corpo do implante,PEEK,ASTM F2026,Polímero,Clínico (uso limitado),"Custo relativo de material e fabrico (1-5, 5 = mais caro)",-,2.0,2.0,Índice relativo de material e fabrico (rubrica no LEIA-ME); não representa preço hospitalar,,,2.0,A verificar,
Implante dentário,Corpo do implante,Ti cp grau 4,ASTM F67,Metal,Clínico,Maquinabilidade / fabricabilidade (ordinal 1-5),-,5.0,5.0,Geetha 2009; Navarro 2008; literatura de fabrico aditivo: confirmar,,Maquinagem CNC + tratamento de superfície (SLA) maduros,5.0,A verificar,
Implante dentário,Corpo do implante,Ti-6Al-4V ELI,ASTM F136,Metal,Clínico,Maquinabilidade / fabricabilidade (ordinal 1-5),-,4.0,4.0,Geetha 2009; Navarro 2008; literatura de fabrico aditivo: confirmar,,,4.0,A verificar,
Implante dentário,Corpo do implante,Ti-Zr (~15% Zr),-,Metal,Clínico,Maquinabilidade / fabricabilidade (ordinal 1-5),-,4.0,4.0,Geetha 2009; Navarro 2008; literatura de fabrico aditivo: confirmar,,,4.0,A verificar,
Implante dentário,Corpo do implante,Zircónia Y-TZP,ISO 13356,Cerâmico,Clínico,Maquinabilidade / fabricabilidade (ordinal 1-5),-,3.0,3.0,Geetha 2009; Navarro 2008; literatura de fabrico aditivo: confirmar,,Contração na sinterização; tratamento de superfície limitado,3.0,A verificar,
Implante dentário,Corpo do implante,PEEK,ASTM F2026,Polímero,Clínico (uso limitado),Maquinabilidade / fabricabilidade (ordinal 1-5),-,4.0,4.0,Geetha 2009; Navarro 2008; literatura de fabrico aditivo: confirmar,,Moldação/maquinagem fáceis; superfície bioinerte,4.0,A verificar,
Implante dentário,Corpo do implante,Ti cp grau 4,ASTM F67,Metal,Clínico,Resistência à corrosão em meio oral (ordinal 1-5),-,3.0,3.0,Nakagawa M et al. J Dent Res 1999;78:1568-1572; Apaza-Bedoya K et al. J Periodontal Res 2017;52:946-954,https://doi.org/10.1177/00220345990780091201,"só resumo; nota segundo a rubrica do leia_me; filme passivo destruído com HF acima de cerca de 30 ppm (Nakagawa 1999; limiar de pH e fluoreto no texto completo, não lido); tribocorrosão na ligação implante-pilar (Apaza-Bedoya 2017, https://doi.org/10.1111/jre.12469); mais Ti na placa com peri-implantite (Safioti 2017, https://doi.org/10.1902/jop.2016.160524), sem causalidade provada (Mombelli 2018, https://doi.org/10.1111/clr.13305)",3.0,Verificado,
Implante dentário,Corpo do implante,Ti-6Al-4V ELI,ASTM F136,Metal,Clínico,Resistência à corrosão em meio oral (ordinal 1-5),-,3.0,3.0,Nakagawa M et al. Dent Mater J 2001;20:305-314; Huang HH. Biomaterials 2003;24:275-282,https://doi.org/10.4012/dmj.20.305,"só resumo; nota segundo a rubrica do leia_me; também atacada por fluoreto em meio ácido, sem diferença face ao Ti cp indicada no resumo (Nakagawa 2001); filme destruído com NaF acima de 0,1 % em saliva artificial a pH 5 (Huang 2003, https://doi.org/10.1016/s0142-9612(02)00315-0); a libertação de Al e V é questão de biocompatibilidade e não entra nesta nota",3.0,Verificado,
Implante dentário,Corpo do implante,Ti-Zr (~15% Zr),-,Metal,Clínico,Resistência à corrosão em meio oral (ordinal 1-5),-,3.0,3.0,"Akimoto T et al. J Biomed Mater Res B 2018;106:73-79; Grandin HM, Berner S, Dard M. Materials 2012;5:1348-1360",https://doi.org/10.1002/jbm.b.33811,"só resumo; nota segundo a rubrica do leia_me; in vitro igual ou melhor do que o Ti cp, mas com composições diferentes da do Roxolid (Akimoto 2018: Ti-30Zr em % mol; Santos 2023, https://doi.org/10.3390/ma16051826: Ti-15Zr em PBS); Grandin 2012 (https://doi.org/10.3390/ma5081348, texto completo): corrosão pelo menos tão boa como a do Ti puro, autores da Straumann; sem dados com fluoreto; 4 só como cenário de sensibilidade",3.0,Verificado,
Implante dentário,Corpo do implante,Zircónia Y-TZP,ISO 13356,Cerâmico,Clínico,Resistência à corrosão em meio oral (ordinal 1-5),-,4.0,4.0,Chevalier J et al. J Am Ceram Soc 2009;92:1901-1920; Kocjan A et al. Dent Mater 2021;37:443-453,https://doi.org/10.1111/j.1551-2916.2009.03278.x,"só resumo; nota segundo a rubrica do leia_me; sem corrosão eletroquímica; degradação a baixa temperatura em meio húmido (Chevalier 2009); in vivo na boca, fração monoclínica cerca de 8 % aos 6 meses e 12 % aos 24 meses (Kocjan 2021, https://doi.org/10.1016/j.dental.2020.11.023)",4.0,Verificado,
Implante dentário,Corpo do implante,PEEK,ASTM F2026,Polímero,Clínico (uso limitado),Resistência à corrosão em meio oral (ordinal 1-5),-,5.0,5.0,"Kurtz SM, Devine JN. Biomaterials 2007;28:4845-4869; Liebermann A et al. J Prosthet Dent 2016;115:321-328",https://doi.org/10.1016/j.biomaterials.2007.07.013,"só resumo; nota segundo a rubrica do leia_me; não hidrolisa, absorção de água cerca de 0,5 % (Kurtz e Devine 2007, texto completo, secção de resistência química); menor absorção e solubilidade em saliva entre polímeros CAD/CAM (Liebermann 2016, https://doi.org/10.1016/j.prosdent.2015.09.004)",5.0,Verificado,
Stent vascular,Estrutura do stent,Aço inox 316L,ASTM F138,Metal,Clínico (1.ª geração),Compatibilidade com RM (ordinal 1-5),-,2.0,2.0,Shellock FG / MRIsafety.com; ASTM F2182 (aquecimento) e F2119 (artefactos): confirmar,,MR-condicional; artefacto maior,2.0,A verificar,
Stent vascular,Estrutura do stent,Co-Cr L605,ASTM F90,Metal,Clínico,Compatibilidade com RM (ordinal 1-5),-,3.0,3.0,Shellock FG / MRIsafety.com; ASTM F2182 (aquecimento) e F2119 (artefactos): confirmar,,MR-condicional,3.0,A verificar,
Stent vascular,Estrutura do stent,Co-Ni-Cr-Mo MP35N,ASTM F562,Metal,Clínico,Compatibilidade com RM (ordinal 1-5),-,3.0,3.0,Shellock FG / MRIsafety.com; ASTM F2182 (aquecimento) e F2119 (artefactos): confirmar,,MR-condicional,3.0,A verificar,
Stent vascular,Estrutura do stent,Pt-Cr,-,Metal,Clínico,Compatibilidade com RM (ordinal 1-5),-,3.0,3.0,Shellock FG / MRIsafety.com; ASTM F2182 (aquecimento) e F2119 (artefactos): confirmar,,Pt paramagnético,3.0,A verificar,
Stent vascular,Estrutura do stent,Nitinol (autoexpansível),ASTM F2063,Metal (superelástico),Excluído (autoexpansível: só discussão),Compatibilidade com RM (ordinal 1-5),-,4.0,4.0,Shellock FG / MRIsafety.com; ASTM F2182 (aquecimento) e F2119 (artefactos): confirmar,,MR-condicional,4.0,A verificar,
Stent vascular,Estrutura do stent,Liga de Mg WE43 (bioabsorvível),-,Metal biodegradável,Clínico (Magmaris),Compatibilidade com RM (ordinal 1-5),-,5.0,5.0,Shellock FG / MRIsafety.com; ASTM F2182 (aquecimento) e F2119 (artefactos): confirmar,,Artefacto mínimo,5.0,A verificar,
Stent vascular,Estrutura do stent,PLLA (bioabsorvível),-,Polímero biodegradável,"Descontinuado (Absorb, 2017)",Compatibilidade com RM (ordinal 1-5),-,5.0,5.0,Shellock FG / MRIsafety.com; ASTM F2182 (aquecimento) e F2119 (artefactos): confirmar,,Polímero; marcadores metálicos nas extremidades,5.0,A verificar,
Stent vascular,Estrutura do stent,Aço inox 316L,ASTM F138,Metal,Clínico (1.ª geração),Radiopacidade (ordinal 1-5),-,3.0,3.0,"Allocco DJ et al. Trials 2010;11:1 (PMC2826324); PMC3692344 (""modest improvement"" do CoCr); rubrica no LEIA-ME (teor de elementos de Z alto)",https://doi.org/10.1186/1745-6215-11-1,Visibilidade reduzida com struts finos; ordem suportada por Allocco 2010 (densidade como comparação direta); notas segundo a rubrica do leia_me,3.0,Verificado,
Stent vascular,Estrutura do stent,Co-Cr L605,ASTM F90,Metal,Clínico,Radiopacidade (ordinal 1-5),-,4.0,4.0,"Allocco DJ et al. Trials 2010;11:1 (PMC2826324); PMC3692344 (""modest improvement"" do CoCr); rubrica no LEIA-ME (teor de elementos de Z alto)",https://doi.org/10.1186/1745-6215-11-1,W na liga aumenta a radiopacidade; ordem suportada por Allocco 2010 (densidade como comparação direta); notas segundo a rubrica do leia_me,4.0,Verificado,
Stent vascular,Estrutura do stent,Co-Ni-Cr-Mo MP35N,ASTM F562,Metal,Clínico,Radiopacidade (ordinal 1-5),-,3.0,3.0,"Allocco DJ et al. Trials 2010;11:1 (PMC2826324); PMC3692344 (""modest improvement"" do CoCr); rubrica no LEIA-ME (teor de elementos de Z alto)",https://doi.org/10.1186/1745-6215-11-1,ordem suportada por Allocco 2010 (densidade como comparação direta); notas segundo a rubrica do leia_me,3.0,Verificado,
Stent vascular,Estrutura do stent,Pt-Cr,-,Metal,Clínico,Radiopacidade (ordinal 1-5),-,5.0,5.0,"Allocco DJ et al. Trials 2010;11:1 (PMC2826324); PMC3692344 (""modest improvement"" do CoCr); rubrica no LEIA-ME (teor de elementos de Z alto)",https://doi.org/10.1186/1745-6215-11-1,Pt: número atómico elevado; ordem suportada por Allocco 2010 (densidade como comparação direta); notas segundo a rubrica do leia_me,5.0,Verificado,
Stent vascular,Estrutura do stent,Nitinol (autoexpansível),ASTM F2063,Metal (superelástico),Excluído (autoexpansível: só discussão),Radiopacidade (ordinal 1-5),-,2.0,2.0,"Allocco DJ et al. Trials 2010;11:1 (PMC2826324); PMC3692344 (""modest improvement"" do CoCr); rubrica no LEIA-ME (teor de elementos de Z alto)",https://doi.org/10.1186/1745-6215-11-1,Precisa de marcadores; ordem suportada por Allocco 2010 (densidade como comparação direta); notas segundo a rubrica do leia_me,2.0,Verificado,
Stent vascular,Estrutura do stent,Liga de Mg WE43 (bioabsorvível),-,Metal biodegradável,Clínico (Magmaris),Radiopacidade (ordinal 1-5),-,1.0,1.0,"Allocco DJ et al. Trials 2010;11:1 (PMC2826324); PMC3692344 (""modest improvement"" do CoCr); rubrica no LEIA-ME (teor de elementos de Z alto)",https://doi.org/10.1186/1745-6215-11-1,Precisa de marcadores radiopacos; ordem suportada por Allocco 2010 (densidade como comparação direta); notas segundo a rubrica do leia_me,1.0,Verificado,
Stent vascular,Estrutura do stent,PLLA (bioabsorvível),-,Polímero biodegradável,"Descontinuado (Absorb, 2017)",Radiopacidade (ordinal 1-5),-,1.0,1.0,"Allocco DJ et al. Trials 2010;11:1 (PMC2826324); PMC3692344 (""modest improvement"" do CoCr); rubrica no LEIA-ME (teor de elementos de Z alto)",https://doi.org/10.1186/1745-6215-11-1,Marcadores de Pt nas extremidades; ordem suportada por Allocco 2010 (densidade como comparação direta); notas segundo a rubrica do leia_me,1.0,Verificado,
Stent vascular,Estrutura do stent,Aço inox 316L,ASTM F138,Metal,Clínico (1.ª geração),Compatibilidade com esterilização (ordinal 1-5),-,4.0,4.0,ISO 11137 (radiação) / ISO 11135 (EtO); Kurtz 2016 para UHMWPE: confirmar,,Stent farmacológico → EtO (o fármaco limita),4.0,A verificar,
Stent vascular,Estrutura do stent,Co-Cr L605,ASTM F90,Metal,Clínico,Compatibilidade com esterilização (ordinal 1-5),-,4.0,4.0,ISO 11137 (radiação) / ISO 11135 (EtO); Kurtz 2016 para UHMWPE: confirmar,,Idem,4.0,A verificar,
Stent vascular,Estrutura do stent,Co-Ni-Cr-Mo MP35N,ASTM F562,Metal,Clínico,Compatibilidade com esterilização (ordinal 1-5),-,4.0,4.0,ISO 11137 (radiação) / ISO 11135 (EtO); Kurtz 2016 para UHMWPE: confirmar,,Idem,4.0,A verificar,
Stent vascular,Estrutura do stent,Pt-Cr,-,Metal,Clínico,Compatibilidade com esterilização (ordinal 1-5),-,4.0,4.0,ISO 11137 (radiação) / ISO 11135 (EtO); Kurtz 2016 para UHMWPE: confirmar,,Idem,4.0,A verificar,
Stent vascular,Estrutura do stent,Nitinol (autoexpansível),ASTM F2063,Metal (superelástico),Excluído (autoexpansível: só discussão),Compatibilidade com esterilização (ordinal 1-5),-,5.0,5.0,ISO 11137 (radiação) / ISO 11135 (EtO); Kurtz 2016 para UHMWPE: confirmar,,Sem revestimento de fármaco (periférico),5.0,A verificar,
Stent vascular,Estrutura do stent,Liga de Mg WE43 (bioabsorvível),-,Metal biodegradável,Clínico (Magmaris),Compatibilidade com esterilização (ordinal 1-5),-,4.0,4.0,ISO 11137 (radiação) / ISO 11135 (EtO); Kurtz 2016 para UHMWPE: confirmar,,Revestimento de fármaco + polímero,4.0,A verificar,
Stent vascular,Estrutura do stent,PLLA (bioabsorvível),-,Polímero biodegradável,"Descontinuado (Absorb, 2017)",Compatibilidade com esterilização (ordinal 1-5),-,3.0,3.0,ISO 11137 (radiação) / ISO 11135 (EtO); Kurtz 2016 para UHMWPE: confirmar,,Gama degrada o PLLA (cisão de cadeias) → EtO obrigatório,3.0,A verificar,
Stent vascular,Estrutura do stent,Aço inox 316L,ASTM F138,Metal,Clínico (1.ª geração),"Custo relativo de material e fabrico (1-5, 5 = mais caro)",-,1.0,1.0,Índice relativo de material e fabrico (rubrica no LEIA-ME); não representa preço hospitalar,,Tecnologia de 1.ª geração,1.0,A verificar,
Stent vascular,Estrutura do stent,Co-Cr L605,ASTM F90,Metal,Clínico,"Custo relativo de material e fabrico (1-5, 5 = mais caro)",-,3.0,3.0,Índice relativo de material e fabrico (rubrica no LEIA-ME); não representa preço hospitalar,,,3.0,A verificar,
Stent vascular,Estrutura do stent,Co-Ni-Cr-Mo MP35N,ASTM F562,Metal,Clínico,"Custo relativo de material e fabrico (1-5, 5 = mais caro)",-,3.0,3.0,Índice relativo de material e fabrico (rubrica no LEIA-ME); não representa preço hospitalar,,,3.0,A verificar,
Stent vascular,Estrutura do stent,Pt-Cr,-,Metal,Clínico,"Custo relativo de material e fabrico (1-5, 5 = mais caro)",-,4.0,4.0,Índice relativo de material e fabrico (rubrica no LEIA-ME); não representa preço hospitalar,,,4.0,A verificar,
Stent vascular,Estrutura do stent,Nitinol (autoexpansível),ASTM F2063,Metal (superelástico),Excluído (autoexpansível: só discussão),"Custo relativo de material e fabrico (1-5, 5 = mais caro)",-,4.0,4.0,Índice relativo de material e fabrico (rubrica no LEIA-ME); não representa preço hospitalar,,,4.0,A verificar,
Stent vascular,Estrutura do stent,Liga de Mg WE43 (bioabsorvível),-,Metal biodegradável,Clínico (Magmaris),"Custo relativo de material e fabrico (1-5, 5 = mais caro)",-,5.0,5.0,Índice relativo de material e fabrico (rubrica no LEIA-ME); não representa preço hospitalar,,Bioabsorvível,5.0,A verificar,
Stent vascular,Estrutura do stent,PLLA (bioabsorvível),-,Polímero biodegradável,"Descontinuado (Absorb, 2017)","Custo relativo de material e fabrico (1-5, 5 = mais caro)",-,5.0,5.0,Índice relativo de material e fabrico (rubrica no LEIA-ME); não representa preço hospitalar,,Bioabsorvível,5.0,A verificar,
Stent vascular,Estrutura do stent,Aço inox 316L,ASTM F138,Metal,Clínico (1.ª geração),Fabricabilidade (ordinal 1-5),-,5.0,5.0,Geetha 2009; Navarro 2008; literatura de fabrico aditivo: confirmar,,Corte laser de tubo maduro,5.0,A verificar,
Stent vascular,Estrutura do stent,Aço inox 316L,ASTM F138,Metal,Clínico (1.ª geração),Teor de níquel,% (massa),13.0,15.0,"Página de fornecedor (Upmet), 316L ASTM F138",https://www.upmet.com/products/stainless-steel/316lslvm,"fonte: página de fornecedor que declara cumprir a norma, não o texto da norma ASTM",14.0,Verificado (fornecedor),
Stent vascular,Estrutura do stent,Co-Cr L605,ASTM F90,Metal,Clínico,Fabricabilidade (ordinal 1-5),-,5.0,5.0,Geetha 2009; Navarro 2008; literatura de fabrico aditivo: confirmar,,,5.0,A verificar,
Stent vascular,Estrutura do stent,Co-Cr L605,ASTM F90,Metal,Clínico,Teor de níquel,% (massa),9.0,11.0,"Página de fornecedor (MGM Industries), L605 ASTM F90",https://www.mgm-industries.com/l605-alloy,"fonte: página de fornecedor que declara cumprir a norma, não o texto da norma ASTM",10.0,Verificado (fornecedor),
Stent vascular,Estrutura do stent,Co-Ni-Cr-Mo MP35N,ASTM F562,Metal,Clínico,Fabricabilidade (ordinal 1-5),-,5.0,5.0,Geetha 2009; Navarro 2008; literatura de fabrico aditivo: confirmar,,,5.0,A verificar,
Stent vascular,Estrutura do stent,Co-Ni-Cr-Mo MP35N,ASTM F562,Metal,Clínico,Teor de níquel,% (massa),33.0,37.0,"Página de fornecedor (stainless.eu), MP35N ASTM F562",https://www.stainless.eu/en/products/cobalt-alloys/mp35n/,"fonte: página de fornecedor que declara cumprir a norma, não o texto da norma ASTM",35.0,Verificado (fornecedor),
Stent vascular,Estrutura do stent,Pt-Cr,-,Metal,Clínico,Fabricabilidade (ordinal 1-5),-,4.0,4.0,Geetha 2009; Navarro 2008; literatura de fabrico aditivo: confirmar,,,4.0,A verificar,
Stent vascular,Estrutura do stent,Pt-Cr,-,Metal,Clínico,Teor de níquel,% (massa),9.0,9.0,"Bennett J, Dubois C. A novel platinum chromium everolimus-eluting stent for the treatment of coronary artery disease. Biologics 2013;7:149-159",https://doi.org/10.2147/BTT.S34939,"valor nominal, sem intervalo (PMC3692344: 33 % Fe, 33 % Pt, 18 % Cr, 9 % Ni, 3 % Mo); autores pela ordem do PubMed (PMID 23818756; a Crossref inverte a ordem)",9.0,Verificado,
Stent vascular,Estrutura do stent,Nitinol (autoexpansível),ASTM F2063,Metal (superelástico),Excluído (autoexpansível: só discussão),Fabricabilidade (ordinal 1-5),-,3.0,3.0,Geetha 2009; Navarro 2008; literatura de fabrico aditivo: confirmar,,Tratamento de memória de forma,3.0,A verificar,
Stent vascular,Estrutura do stent,Liga de Mg WE43 (bioabsorvível),-,Metal biodegradável,Clínico (Magmaris),Fabricabilidade (ordinal 1-5),-,3.0,3.0,Geetha 2009; Navarro 2008; literatura de fabrico aditivo: confirmar,,Controlo de degradação e revestimentos,3.0,A verificar,
Stent vascular,Estrutura do stent,Liga de Mg WE43 (bioabsorvível),-,Metal biodegradável,Clínico (Magmaris),Teor de níquel,% (massa),0.0,0.005,"MakeItFrom, WE43B (cita ASTM B80)",https://www.makeitfrom.com/material-properties/WE43B-WE43B-T6-M18432-Magnesium,limite máximo de Ni como impureza; típico = máximo (pior caso); fonte secundária; a ficha Luxfer DS-467 (05/2026) não indica Ni; composição da liga do Magmaris não confirmada,0.005,A verificar,
Stent vascular,Estrutura do stent,PLLA (bioabsorvível),-,Polímero biodegradável,"Descontinuado (Absorb, 2017)",Fabricabilidade (ordinal 1-5),-,3.0,3.0,Geetha 2009; Navarro 2008; literatura de fabrico aditivo: confirmar,,Struts espessos; processamento térmico sensível,3.0,A verificar,
Stent vascular,Estrutura do stent,PLLA (bioabsorvível),-,Polímero biodegradável,"Descontinuado (Absorb, 2017)",Teor de níquel,% (massa),0.0,0.0,Composição química do PLLA,,"polímero de C, H e O; sem metais",0.0,Verificado (composição química),
Scaffold (regeneração óssea),Scaffold poroso,PCL,-,Polímero,Clínico (uso limitado),Compatibilidade com esterilização (ordinal 1-5),-,3.0,3.0,ISO 11137 (radiação) / ISO 11135 (EtO); Kurtz 2016 para UHMWPE: confirmar,,Fusão ~60 °C: sem autoclave; EtO/gama com cuidado; Estatuto [confirmar]: Woodruff & Hutmacher 2010,3.0,A verificar,
Scaffold (regeneração óssea),Scaffold poroso,PLLA,-,Polímero,Investigação,Compatibilidade com esterilização (ordinal 1-5),-,3.0,3.0,ISO 11137 (radiação) / ISO 11135 (EtO); Kurtz 2016 para UHMWPE: confirmar,,Gama causa cisão de cadeias; Estatuto [confirmar]: Rezwan et al. 2006; uso clínico noutras formas (fixação),3.0,A verificar,
Scaffold (regeneração óssea),Scaffold poroso,PLGA 50:50,-,Polímero,Investigação,Compatibilidade com esterilização (ordinal 1-5),-,2.0,2.0,"Holy CE, Cheng C, Davies JE, Shoichet MS. Biomaterials 2001;22:25-31 (Tabela 2)",https://doi.org/10.1016/S0142-9612(00)00136-8,"nota 2 pela rubrica (degradação documentada): gama 2,5 Mrad, Mw -54 %; EtO, Mw -12 % e volume -50 % (Holy 2001, texto completo); a fonte usa scaffolds de PLGA 75/25, não 50:50, e não indica a porosidade; Muito sensível: altera a degradação; Estatuto [confirmar]: Athanasiou et al. 1996; uso clínico noutras formas",2.0,Verificado,
Scaffold (regeneração óssea),Scaffold poroso,Hidroxiapatite (HA) porosa,-,Cerâmico,Clínico (substituto ósseo),Compatibilidade com esterilização (ordinal 1-5),-,5.0,5.0,ISO 11137 (radiação) / ISO 11135 (EtO); Kurtz 2016 para UHMWPE: confirmar,,"a confirmar: o autoclave (121 °C, 40 min) altera a dissolubilidade, a resistência e a morfologia da HA porosa (Li X et al. J Mater Sci Mater Med 2016;27:5, https://doi.org/10.1007/s10856-015-5617-x, só resumo); falta fonte para radiação gama em HA; Autoclave/calor seco; Estatuto [confirmar]: Rezwan et al. 2006; Bose et al. 2012; base 510(k) da FDA",5.0,A verificar,
Scaffold (regeneração óssea),Scaffold poroso,β-TCP poroso,-,Cerâmico,Clínico (substituto ósseo),Compatibilidade com esterilização (ordinal 1-5),-,5.0,5.0,"FDA 510(k) K032409 (Vitoss, Orthovita, 2003); FDA 510(k) K120152 (Cerasorb Plus, Riemser, 2012)",https://fda.innolitics.com/device/K032409,"nota 5 pela rubrica: os dois produtos são esterilizados por radiação gama (resumos dos 510(k), lidos numa cópia de terceiros, https://fda.innolitics.com/device/K120152); ressalva: o autoclave altera a morfologia e a resistência do β-TCP poroso (Li X et al. J Mater Sci Mater Med 2016;27:5, https://doi.org/10.1007/s10856-015-5617-x, só resumo); Estatuto [confirmar]: Rezwan et al. 2006; Bose et al. 2012; base 510(k) da FDA",5.0,Verificado (fornecedor),
Scaffold (regeneração óssea),Scaffold poroso,Vidro bioativo 45S5 poroso,-,Vidro,"Clínico (substituto ósseo, partículas)",Compatibilidade com esterilização (ordinal 1-5),-,5.0,5.0,ISO 11137 (radiação) / ISO 11135 (EtO); Kurtz 2016 para UHMWPE: confirmar,,"calor seco; a radiação gama aumenta a dissolução (Farag 2017, só resumo, https://doi.org/10.1002/jbm.a.36035); Estatuto [confirmar]: Hench 1991; scaffold poroso sobretudo investigação",5.0,A verificar,
Scaffold (regeneração óssea),Scaffold poroso,Compósito PCL/β-TCP (impressão 3D),-,Compósito,Clínico (uso limitado),Compatibilidade com esterilização (ordinal 1-5),-,3.0,3.0,Bruyas A et al. Tissue Eng Part A 2019;25:248-256,https://doi.org/10.1089/ten.tea.2018.0130,"nota 3 pela rubrica (método restrito com risco de degradação): scaffolds PCL/β-TCP por FDM, feixe de eletrões: +14 % de rigidez e resistência iniciais e degradação 25 % mais rápida (Bruyas 2019, só resumo); o calor está excluído pela fusão do PCL; Limitado pela fase PCL; Estatuto [confirmar]: fonte clínica a indicar",3.0,Verificado,
Scaffold (regeneração óssea),Scaffold poroso,Quitosano/HA (liofilizado),-,Compósito natural,Investigação,Compatibilidade com esterilização (ordinal 1-5),-,3.0,3.0,ISO 11137 (radiação) / ISO 11135 (EtO); Kurtz 2016 para UHMWPE: confirmar,,Polímero natural sensível ao calor; Estatuto [confirmar]: fonte a indicar,3.0,A verificar,
Scaffold (regeneração óssea),Scaffold poroso,PCL,-,Polímero,Clínico (uso limitado),"Custo relativo de material e fabrico (1-5, 5 = mais caro)",-,1.0,1.0,Índice relativo de material e fabrico (rubrica no LEIA-ME); não representa preço hospitalar,,Estatuto [confirmar]: Woodruff & Hutmacher 2010,1.0,A verificar,
Scaffold (regeneração óssea),Scaffold poroso,PLLA,-,Polímero,Investigação,"Custo relativo de material e fabrico (1-5, 5 = mais caro)",-,1.0,1.0,Índice relativo de material e fabrico (rubrica no LEIA-ME); não representa preço hospitalar,,Estatuto [confirmar]: Rezwan et al. 2006; uso clínico noutras formas (fixação),1.0,A verificar,
Scaffold (regeneração óssea),Scaffold poroso,PLGA 50:50,-,Polímero,Investigação,"Custo relativo de material e fabrico (1-5, 5 = mais caro)",-,2.0,2.0,Índice relativo de material e fabrico (rubrica no LEIA-ME); não representa preço hospitalar,,Estatuto [confirmar]: Athanasiou et al. 1996; uso clínico noutras formas,2.0,A verificar,
Scaffold (regeneração óssea),Scaffold poroso,Hidroxiapatite (HA) porosa,-,Cerâmico,Clínico (substituto ósseo),"Custo relativo de material e fabrico (1-5, 5 = mais caro)",-,3.0,3.0,Índice relativo de material e fabrico (rubrica no LEIA-ME); não representa preço hospitalar,,Estatuto [confirmar]: Rezwan et al. 2006; Bose et al. 2012; base 510(k) da FDA,3.0,A verificar,
Scaffold (regeneração óssea),Scaffold poroso,β-TCP poroso,-,Cerâmico,Clínico (substituto ósseo),"Custo relativo de material e fabrico (1-5, 5 = mais caro)",-,3.0,3.0,Índice relativo de material e fabrico (rubrica no LEIA-ME); não representa preço hospitalar,,Estatuto [confirmar]: Rezwan et al. 2006; Bose et al. 2012; base 510(k) da FDA,3.0,A verificar,
Scaffold (regeneração óssea),Scaffold poroso,Vidro bioativo 45S5 poroso,-,Vidro,"Clínico (substituto ósseo, partículas)","Custo relativo de material e fabrico (1-5, 5 = mais caro)",-,4.0,4.0,Índice relativo de material e fabrico (rubrica no LEIA-ME); não representa preço hospitalar,,Estatuto [confirmar]: Hench 1991; scaffold poroso sobretudo investigação,4.0,A verificar,
Scaffold (regeneração óssea),Scaffold poroso,Compósito PCL/β-TCP (impressão 3D),-,Compósito,Clínico (uso limitado),"Custo relativo de material e fabrico (1-5, 5 = mais caro)",-,2.0,2.0,Índice relativo de material e fabrico (rubrica no LEIA-ME); não representa preço hospitalar,,Estatuto [confirmar]: fonte clínica a indicar,2.0,A verificar,
Scaffold (regeneração óssea),Scaffold poroso,Quitosano/HA (liofilizado),-,Compósito natural,Investigação,"Custo relativo de material e fabrico (1-5, 5 = mais caro)",-,2.0,2.0,Índice relativo de material e fabrico (rubrica no LEIA-ME); não representa preço hospitalar,,Estatuto [confirmar]: fonte a indicar,2.0,A verificar,
